dataset	cluster_id	reviewer	raw_label	normalised_label	provided_cl_id	reviewer_confidence	markers	tissue	species	condition	candidate_ids	candidate_labels	candidate_scores	component_cl_ids	component_labels	component_agreement	final_status	decision	cl_id	canonical_label	mapping_method	specificity_relation	conf_cat	reason	proposed_cl_id	proposed_canonical_label	single_cl_ready	adjudication_ready	evaluation_ready	editor_input_type	mapper_a_status	mapper_a_rank	mapper_a_cl_id	mapper_a_specificity	mapper_a_confidence	mapper_b_status	mapper_b_rank	mapper_b_cl_id	mapper_b_specificity	mapper_b_confidence	ab_clid_agreement	ab_specificity_agreement	verifier_called	verifier_verdict	verifier_reason	verifier_action	hash_a	hash_b	hash_v	source_file	source_run_id	model	prompt_version	pipeline_version	ontology_version	ontology_checksum	temperature	max_tokens	top_k	marker_limit
Census_immune	cluster_1	cassia	Monocyte (myeloid lineage)	monocytemyeloidlineage	NA	98	S100A12|CDA|S100A8|RBP7|S100A9|CD14|SERPINA1|RETN|VCAN|G0S2|CXCL8|MAFB|CLEC7A|CSTA|THBS1|LYZ|FCN1|MNDA|LGALS2|CFD	blood	human	healthy_immune	CL:0000576|CL:0009114|CL:0002194|CL:0011031|CL:0004246	monocyte|monocytoid B cell|monopoietic cell|monocyte-derived dendritic cell|monostratified cell	0.873|0.853|0.838|0.816|0.809	NA	NA	NA	mapped_evidence	accept_after_verifier	CL:0000576	monocyte	evidence_llm	exact	high	A/B consistent; spec=exact	CL:0000576	monocyte	TRUE	TRUE	TRUE	single_cl_id	mapped	1	CL:0000576	exact	high	mapped	5	CL:0000576	exact	high	TRUE	TRUE	TRUE	accept	NA	accept	0e6520c0e9b3fbf05c8ec1a845a0ccf6a239a32a106c2859795476d708a1b96a	24f6f6e4dddf8dd7787976c1b9b135130f0e781fee20697d97562a04254cfe30	603ef94dd3600dc1341ef5b8997af0cbf2584a934b2a7d961118ab5ad9eba9f5	03b_cassia/CASSIA_blood_human_20260803_170443/01_annotation_results/annotation_cassia_FINAL_RESULTS.csv	20260803_165902	deepseek-v4-flash	v1.0.0	v1.0.0	2025-07-30	d1f01acb10bb3de97917f294d4a52b6b	0	300	5	20
Census_immune	cluster_10	cassia	T lymphocytes / T cells	tlymphocytetcell	NA	NA	WHAMM|ID3|OCIAD2|BTG3|IL6ST|SOX4|CAMK4|CD6|DDIT3|ITM2A|STK17A|LEF1|SATB1|TOB1|SBDS|NDFIP1|RHOH|SARAF|FHIT|IL7R	blood	human	healthy_immune	CL:0000084|CL:0000542|CL:0000958|CL:0000959|CL:0000960	T cell|lymphocyte|T1 B cell|T2 B cell|T3 B cell	0.938|0.875|0.86|0.86|0.86	NA	NA	NA	mapped_evidence	accept_after_verifier	CL:0000084	T cell	evidence_llm	exact	high	A/B consistent; spec=exact	CL:0000084	T cell	TRUE	TRUE	TRUE	single_cl_id	mapped	1	CL:0000084	exact	high	mapped	5	CL:0000084	exact	high	TRUE	TRUE	TRUE	accept	NA	accept	ac7ac898fc108f92615c6e647376b5fc056e96ffaf41383e5e0ef4b133df58b6	b327f669c15a5bc076c8d45a142a81fa89528214ef8eea9fc30e5c61b1708777	c7e1ab61b706b5289947e5cdc3d75a1a93523b029716356dc5b2a27c5efd1964	03b_cassia/CASSIA_blood_human_20260803_170443/01_annotation_results/annotation_cassia_FINAL_RESULTS.csv	20260803_165902	deepseek-v4-flash	v1.0.0	v1.0.0	2025-07-30	d1f01acb10bb3de97917f294d4a52b6b	0	300	5	20
Census_immune	cluster_11	cassia	T lymphocyte (αβ T cell)	tlymphocytealphabetatcell	NA	93	MAL|TRAC|RGCC|BCL11B|FLT3LG|KLF2|LEPROTL1|CD3D|IL32|CD2|JUNB|GIMAP7|CD3E|CD3G|LTB|CD27|ZFP36L2|LIME1|TRBC1|CLEC2D	blood	human	healthy_immune	CL:0000084|CL:0000789|CL:0002293|CL:0000958|CL:0000959	T cell|alpha-beta T cell|epithelial cell of thymus|T1 B cell|T2 B cell	0.888|0.808|0.788|0.786|0.786	NA	NA	NA	mapped_evidence	accept_after_verifier	CL:0000789	alpha-beta T cell	evidence_llm	exact	high	A/B consistent; spec=exact	CL:0000789	alpha-beta T cell	TRUE	TRUE	TRUE	single_cl_id	mapped	2	CL:0000789	exact	high	mapped	4	CL:0000789	exact	high	TRUE	TRUE	TRUE	accept	NA	accept	7e91fefcd4bdd291f923cd34297f355ffe6ad82011ed0057826c3773faf3e131	1c9dfd8a076844ecddec8f95d8021ef59183549f60ec2b448142dbd40ccbdbda	0393a2569b88bbc1878c5855e4d148aa48ec6e4c1458d5241d482d9231481a25	03b_cassia/CASSIA_blood_human_20260803_170443/01_annotation_results/annotation_cassia_FINAL_RESULTS.csv	20260803_165902	deepseek-v4-flash	v1.0.0	v1.0.0	2025-07-30	d1f01acb10bb3de97917f294d4a52b6b	0	300	5	20
Census_immune	cluster_12	cassia	Natural killer (NK) cell	naturalkillernkcell	NA	95	KLRF1|KLRC1|SPON2|CLIC3|PRF1|S1PR5|GZMB|XCL2|CD160|GNLY|IL2RB|FCGR3A|FGFBP2|NKG7|HOPX|CCL3|KLRD1|KLRB1|CST7|CCL4	blood	human	healthy_immune	CL:0000623|CL:0000825|CL:0001069|CL:0000903|CL:0002679	natural killer cell|pro-NK cell|group 2 innate lymphoid cell|natural T-regulatory cell|natural helper lymphocyte	0.979|0.901|0.898|0.836|0.827	NA	NA	NA	mapped_evidence	accept_after_verifier	CL:0000623	natural killer cell	evidence_llm	exact	high	A/B consistent; spec=exact	CL:0000623	natural killer cell	TRUE	TRUE	TRUE	single_cl_id	mapped	1	CL:0000623	exact	high	mapped	5	CL:0000623	exact	high	TRUE	TRUE	TRUE	accept	NA	accept	c192086bf533b254d95be5e85631af79fe908e6d529ea0eefc92ef0ff86403fd	226e973a3ff5ee59b8410109b3c73658f910bcb7b4ead4d949cdc3f5408c90ae	f0b5caa6d64e2077249f3fc6147e67bedea6211930ce386d27c8f4985f42eca0	03b_cassia/CASSIA_blood_human_20260803_170443/01_annotation_results/annotation_cassia_FINAL_RESULTS.csv	20260803_165902	deepseek-v4-flash	v1.0.0	v1.0.0	2025-07-30	d1f01acb10bb3de97917f294d4a52b6b	0	300	5	20
Census_immune	cluster_13	cassia	Plasma cells / plasmablasts	plasmacellplasmablasts	NA	NA	SCNN1B|IGHG3|IGHG2|SDC1|IGHA2|IGKC|IGHG4|IGLL5|IGLC2|JCHAIN|TNFRSF17|IGLC3|JSRP1|SPAG4|PARM1|TXNDC5|MZB1|BLOC1S5-TXNDC5|DERL3|IGHA1	blood	human	healthy_immune	CL:0000786|CL:0000980|CL:0009033|CL:0000394|CL:0000784	plasma cell|plasmablast|plasma cell of appendix|plasmatocyte|plasmacytoid dendritic cell	0.891|0.864|0.812|0.81|0.802	NA	NA	NA	review	status_mismatch_mixed_identity_mapped	NA	NA	evidence_llm_abstain	exact	NA	status_mismatch_mixed_identity_mapped	CL:0000786	plasma cell	FALSE	TRUE	FALSE	candidate_set	mixed_identity	1	CL:0000786	exact	high	mapped	4	CL:0000980	exact	high	FALSE	TRUE	FALSE	NA	NA	NA	fb52043ea93c7143d029a12c305b27de642f06c6d0f61d9b2cfa6b605be28791	7872bc9a2b6f933107d7081b0141b2b32da399fcf8c2d1638b6d879454f8a135	NA	03b_cassia/CASSIA_blood_human_20260803_170443/01_annotation_results/annotation_cassia_FINAL_RESULTS.csv	20260803_165902	deepseek-v4-flash	v1.0.0	v1.0.0	2025-07-30	d1f01acb10bb3de97917f294d4a52b6b	0	300	5	20
Census_immune	cluster_14	cassia	Dendritic cell (DC), specifically plasmacytoid dendritic cell (pDC)	dendriticcelldcspecificallyplasmacytoiddendriticcellpdc	NA	95	SCT|LILRA4|SHD|CLEC4C|PROC|LRRC26|PTPRS|SMPD3|TPM2|MAP1A|IL3RA|PTCRA|DNASE1L3|GAS6|SERPINF1|PLD4|DERL3|TNFRSF21|PPP1R14B|MYBL2	blood	human	healthy_immune	CL:0000451|CL:0009034|CL:0001056|CL:0000916|CL:0000990	dendritic cell|dendritic cell of appendix|dendritic cell, human|dendritic epidermal T cell|conventional dendritic cell	0.847|0.83|0.823|0.812|0.8	NA	NA	NA	review	verifier_review	NA	NA	evidence_llm_abstain	broadened	high	A/B consistent; spec=broadened | verifier: Label specifies plasmacytoid dendritic cell (pDC), but no pDC-specific term is in the candidate list; the proposed broad dendritic cell term is a valid parent, but the mapping should be flagged for missing subtype.	CL:0000451	dendritic cell	FALSE	TRUE	FALSE	candidate_set	mapped	1	CL:0000451	broadened	high	mapped	5	CL:0000451	broadened	high	TRUE	TRUE	TRUE	review	Label specifies plasmacytoid dendritic cell (pDC), but no pDC-specific term is in the candidate list; the proposed broad dendritic cell term is a valid parent, but the mapping should be flagged for missing subtype.	select_broader	2e1da14f1b263501a499ac9ac0e48081c2bee790b42b18d40520eb8c4cb68211	7ca0037f958f5715e93004cc35ccc88c2513efad6c805517f6c0d601dd6fd1c4	f0cc9807854db8c6653dbf45d984eee8f70a34182f2f64942a27b4dfa9eaf451	03b_cassia/CASSIA_blood_human_20260803_170443/01_annotation_results/annotation_cassia_FINAL_RESULTS.csv	20260803_165902	deepseek-v4-flash	v1.0.0	v1.0.0	2025-07-30	d1f01acb10bb3de97917f294d4a52b6b	0	300	5	20
Census_immune	cluster_15	cassia	B-lymphoid lineage cells	blymphoidlineagecell	NA	88	CFAP73|ACSM3|MME|CCDC191|IRF4|PCDH9|H1-2|VPREB1|IGLC1|TCL1A|CD24|CCDC112|NEIL1|BCL7A|CD79B|VPREB3|RUBCNL|FCRLA|H2AC6|LHPP	blood	human	healthy_immune	CL:0017006|CL:0000236|CL:0000185|CL:0009060|CL:0002138	B-lymphoblast|B cell|myoepithelial cell|marginal zone B cell of lymph node|endothelial cell of lymphatic vessel	0.84|0.831|0.81|0.799|0.781	NA	NA	NA	mapped_evidence	accept_after_verifier	CL:0000236	B cell	evidence_llm	broadened	high	A/B consistent; spec=broadened	CL:0000236	B cell	TRUE	TRUE	TRUE	single_cl_id	mapped	2	CL:0000236	broadened	high	mapped	4	CL:0000236	broadened	high	TRUE	TRUE	TRUE	accept	NA	accept	363cd1fa91818b29a67f69201e16881ec9151027e4f729455ae976617df59e70	1b84b1dd2a64697d30f7360d2c3f82fc415f43bbc185698c706f84fcaf20a73a	501cb9de59ccedd5246cf71d533f5e2040b9db7f487d48e4b593f1a5a77a5819	03b_cassia/CASSIA_blood_human_20260803_170443/01_annotation_results/annotation_cassia_FINAL_RESULTS.csv	20260803_165902	deepseek-v4-flash	v1.0.0	v1.0.0	2025-07-30	d1f01acb10bb3de97917f294d4a52b6b	0	300	5	20
Census_immune	cluster_16	cassia	B-cell lineage, early B-cell precursor / immature B-lymphoid progenitor	bcelllineageearlybcellprecursorimmatureblymphoidprogenitor	NA	93	LCN6|DNTT|CYGB|VPREB1|IGLL1|AKAP12|ARPP21|UHRF1|MME|CD9|NUSAP1|AURKB|MKI67|VPREB3|MND1|TOP2A|FAM111B|ASF1B|CDCA5|TYMS	blood	human	healthy_immune	CL:0000236|CL:0009045|CL:0009104|CL:0000169|CL:0009050	B cell|B cell of medullary sinus of lymph node|B cell zone reticular cell|type B pancreatic cell|B cell of anorectum	0.817|0.8|0.797|0.781|0.766	NA	NA	NA	mapped_evidence	accept_after_verifier	CL:0000236	B cell	evidence_llm	broadened	high	A/B consistent; spec=broadened	CL:0000236	B cell	TRUE	TRUE	TRUE	single_cl_id	mapped	1	CL:0000236	broadened	high	mapped	5	CL:0000236	broadened	high	TRUE	TRUE	TRUE	accept	NA	accept	3df2432e19f06c98e0b8d2f9159bee9a43307a504c592050c6b84e7a26f64e97	9a8219e9bf937cb1977cd719dc7988d9b0671d93c77c0da05250fd8634ccc3c8	84340a15736a46ade6f079e7403b75845a6df9eb0ca602f0f37d5ac0561d9f5b	03b_cassia/CASSIA_blood_human_20260803_170443/01_annotation_results/annotation_cassia_FINAL_RESULTS.csv	20260803_165902	deepseek-v4-flash	v1.0.0	v1.0.0	2025-07-30	d1f01acb10bb3de97917f294d4a52b6b	0	300	5	20
Census_immune	cluster_2	cassia	CD8+ naïve T cells	cd8positiveitivenavetcell	NA	96	LRRN3|CHI3L2|LDLRAP1|GIMAP1|CCR7|DENND2D|NELL2|IL7R|AQP3|CD27|CD8B|TNFRSF25|LCK|SLFN5|ATP6V0E2|ETS1|TRAF3IP3|CD8A|GIMAP7|LBH	blood	human	healthy_immune	CL:0002101|CL:0002109|CL:0001062|CL:0001041|CL:0000917	CD38-positive naive B cell|B220-positive CD38-positive naive B cell|effector memory CD8-positive, alpha-beta T cell, terminally differentiated|CD8-positive, CXCR3-positive, alpha-beta regulatory T cell|Tc1 cell	0.96|0.929|0.922|0.92|0.919	NA	NA	NA	review	status_mismatch_unmapped_mapped	NA	NA	evidence_llm_abstain	exact	NA	status_mismatch_unmapped_mapped	CL:0000917	Tc1 cell	FALSE	TRUE	FALSE	candidate_set	unmapped	NA	NA	exact	low	mapped	1	CL:0000917	broadened	medium	FALSE	FALSE	FALSE	NA	NA	NA	2bff080cf1d1d023a903dbd9f6d414c226ddae6aace327c1ff7bffb601920683	1de69ba341644ea4474fb5d41f1bcf7c2d9a60648c8edf2de1312ac409aab4c5	NA	03b_cassia/CASSIA_blood_human_20260803_170443/01_annotation_results/annotation_cassia_FINAL_RESULTS.csv	20260803_165902	deepseek-v4-flash	v1.0.0	v1.0.0	2025-07-30	d1f01acb10bb3de97917f294d4a52b6b	0	300	5	20
Census_immune	cluster_3	cassia	Hematopoietic stem/progenitor cells (HSPCs) — CD34+ primitive hematopoietic stem/progenitor cell cluster	hematopoieticstemprogenitorcellhspcscd34positiveitiveprimitivehematopoieticstemprogenitorcellcluster	NA	93	AVP|CRHBP|HPGDS|CRYGD|NPR3|CPA3|HTR1F|GATA2|C1QTNF4|BAALC|SPINK2|SMIM24|CPXM1|CYTL1|HOXA9|PRSS57|EGFL7|GUCY1A1|NPW|HOXA10	blood	human	healthy_immune	CL:0000037|CL:0002031|CL:0000988|CL:0000837|CL:0001060	hematopoietic stem cell|hematopoietic lineage restricted progenitor cell|hematopoietic cell|hematopoietic multipotent progenitor cell|hematopoietic oligopotent progenitor cell, lineage-negative	0.832|0.824|0.822|0.803|0.8	NA	NA	NA	review	specificity_mismatch	NA	NA	evidence_llm_abstain	exact	NA	A spec=exact; B spec=broadened	CL:0000037	hematopoietic stem cell	FALSE	TRUE	FALSE	candidate_set	mapped	1	CL:0000037	exact	high	mapped	5	CL:0000037	broadened	high	TRUE	FALSE	FALSE	NA	NA	NA	2d984d35e9710dd1aa792b3753fd7b4cf864440517b217e6e57292f2ef4b2158	fe23c9d5fff44edd2b19001ae175728cdf79f9b97a4bf25a9f7b1ee9055a95d5	NA	03b_cassia/CASSIA_blood_human_20260803_170443/01_annotation_results/annotation_cassia_FINAL_RESULTS.csv	20260803_165902	deepseek-v4-flash	v1.0.0	v1.0.0	2025-07-30	d1f01acb10bb3de97917f294d4a52b6b	0	300	5	20
Census_immune	cluster_4	cassia	Dendritic cell (DC)	dendriticcelldc	NA	94	ENHO|FCER1A|CLEC10A|NDRG2|HLA-DQA1|CD1C|UPK3A|NAPSB|CPVL|CST3|GAS6|HLA-DRB5|GPAT3|HLA-DRB4|HLA-DRB1|IL13RA1|IGSF6|GSN|AREG|ANXA2	blood	human	healthy_immune	CL:0000451|CL:0001056|CL:0009034|CL:0000990|CL:0000916	dendritic cell|dendritic cell, human|dendritic cell of appendix|conventional dendritic cell|dendritic epidermal T cell	0.973|0.918|0.908|0.885|0.88	NA	NA	NA	mapped_evidence	accept_after_verifier	CL:0000451	dendritic cell	evidence_llm	exact	high	A/B consistent; spec=exact	CL:0000451	dendritic cell	TRUE	TRUE	TRUE	single_cl_id	mapped	1	CL:0000451	exact	high	mapped	5	CL:0000451	exact	high	TRUE	TRUE	TRUE	accept	NA	accept	dd45ca06dea2e17301ca404f29ae11c55a89eebeb42882e5fb3275fa434a040e	d815b8b606079a7f85a2ab7a07542384292c291b4c17ecad8cadbcaac9b29995	d21af7f1c6b046e6a18c93c37d839ef4365eb9c91829bf93223f7aa4b997ffba	03b_cassia/CASSIA_blood_human_20260803_170443/01_annotation_results/annotation_cassia_FINAL_RESULTS.csv	20260803_165902	deepseek-v4-flash	v1.0.0	v1.0.0	2025-07-30	d1f01acb10bb3de97917f294d4a52b6b	0	300	5	20
Census_immune	cluster_5	cassia	γδ T cell	gammadeltatcell	NA	95	NA	blood	human	healthy_immune	CL:0000798	gamma-delta T cell	NA	NA	NA	NA	mapped	deterministic	CL:0000798	gamma-delta T cell	normalized	exact	NA	deterministic	CL:0000798	gamma-delta T cell	TRUE	TRUE	TRUE	single_cl_id	NA	NA	NA	NA	NA	NA	NA	NA	NA	NA	NA	NA	FALSE	NA	NA	NA	NA	NA	NA	03b_cassia/CASSIA_blood_human_20260803_170443/01_annotation_results/annotation_cassia_FINAL_RESULTS.csv	20260803_165902	deepseek-v4-flash	v1.0.0	v1.0.0	2025-07-30	d1f01acb10bb3de97917f294d4a52b6b	0	300	5	20
Census_immune	cluster_6	cassia	Erythroid lineage cell	erythroidlineagecell	NA	88	NA	blood	human	healthy_immune	CL:0000764	erythroid lineage cell	NA	NA	NA	NA	mapped	deterministic	CL:0000764	erythroid lineage cell	normalized	exact	NA	deterministic	CL:0000764	erythroid lineage cell	TRUE	TRUE	TRUE	single_cl_id	NA	NA	NA	NA	NA	NA	NA	NA	NA	NA	NA	NA	FALSE	NA	NA	NA	NA	NA	NA	03b_cassia/CASSIA_blood_human_20260803_170443/01_annotation_results/annotation_cassia_FINAL_RESULTS.csv	20260803_165902	deepseek-v4-flash	v1.0.0	v1.0.0	2025-07-30	d1f01acb10bb3de97917f294d4a52b6b	0	300	5	20
Census_immune	cluster_7	cassia	Platelets (megakaryocyte/platelet lineage; circulating blood platelets)	plateletsmegakaryocyteplateletlineagecirculatingbloodplatelets	NA	95	TMEM40|PPBP|PF4|CLEC1B|GP9|TREML1|TUBB1|CMTM5|PF4V1|ACRBP|MYL9|SEPT5-GP1BB|CAVIN2|ITGB3|GNG11|GP1BB|ITGA2B|CTTN|SPARC|RGS18	blood	human	healthy_immune	CL:0000233|CL:2000062|CL:0002359|CL:0002577|CL:2000061	platelet|placental villus capillary endothelial cell|placental hematopoietic stem cell|placental epithelial cell|placental amniotic mesenchymal stromal cell	0.826|0.797|0.759|0.754|0.747	NA	NA	NA	mapped_evidence	accept_after_verifier	CL:0000233	platelet	evidence_llm	exact	high	A/B consistent; spec=exact	CL:0000233	platelet	TRUE	TRUE	TRUE	single_cl_id	mapped	1	CL:0000233	exact	high	mapped	5	CL:0000233	exact	high	TRUE	TRUE	TRUE	accept	NA	accept	b2eb476ff13d7326c7c43e717701ffcf6facbe1467d648ddc1524ce8d17d7e11	6fe7e8e437dbd09e7a05451a3dd4f5ca121937ce4f9fe703996a7961170db28b	d86bc3919c7ee941adae9dfa51627de33e5c86a6126f7bf9a9330504283abfa3	03b_cassia/CASSIA_blood_human_20260803_170443/01_annotation_results/annotation_cassia_FINAL_RESULTS.csv	20260803_165902	deepseek-v4-flash	v1.0.0	v1.0.0	2025-07-30	d1f01acb10bb3de97917f294d4a52b6b	0	300	5	20
Census_immune	cluster_8	cassia	Mesenchymal stromal cell (MSC) / fibroblast-like non-hematopoietic cell	mesenchymalstromalcellmscfibroblastlikenonhematopoieticcell	NA	95	VGLL3|MDFI|CP|AMOTL2|TIMP4|PPIC|CCN1|GHR|SRPX|FMO3|LIFR|APOD|C1QTNF1|ECM2|CHRDL1	blood	human	healthy_immune	CL:4040004|CL:2000080|CL:0002540|CL:0000134|CL:2000079	mesenchymal stem cell of orbital adipose tissue|mesenchymal stem cell of abdominal adipose tissue|mesenchymal stem cell of the bone marrow|mesenchymal stem cell|mesenchymal stem cell of femoral bone marrow	0.862|0.86|0.854|0.849|0.849	NA	NA	NA	review	status_mismatch_mapped_ambiguous	NA	NA	evidence_llm_abstain	broadened	NA	status_mismatch_mapped_ambiguous	CL:0000134	mesenchymal stem cell	FALSE	TRUE	FALSE	candidate_set	mapped	4	CL:0000134	broadened	medium	ambiguous	NA	NA	exact	low	FALSE	FALSE	FALSE	NA	NA	NA	3b11b4da539be05d27e9dc5f5c78bea1aaa74d47380897c3dc07ad97f65b6d8c	90297fe82586da3e538a85df25ca4a396bd133530cdba4ff282767ccf1e557b4	NA	03b_cassia/CASSIA_blood_human_20260803_170443/01_annotation_results/annotation_cassia_FINAL_RESULTS.csv	20260803_165902	deepseek-v4-flash	v1.0.0	v1.0.0	2025-07-30	d1f01acb10bb3de97917f294d4a52b6b	0	300	5	20
Census_immune	cluster_9	cassia	B cell / B lymphocyte	bcellblymphocyte	NA	92	FCER2|MS4A1|BANK1|TNFRSF13C|IGHM|CD22|CD79A|RALGPS2|P2RX5|MARCHF1|PLPP5|HVCN1|NIBAN3|RUBCNL|CD74|MEF2C|HLA-DMB|CD83|TCL1A|IRF8	blood	human	healthy_immune	CL:0000819|CL:0000822|CL:4030029|CL:0000844|CL:0000236	B-1 B cell|B-2 B cell|blood lymphocyte|germinal center B cell|B cell	0.877|0.877|0.865|0.863|0.862	NA	NA	NA	review	specificity_mismatch	NA	NA	evidence_llm_abstain	broadened	NA	A spec=broadened; B spec=exact	CL:0000236	B cell	FALSE	TRUE	FALSE	candidate_set	mapped	5	CL:0000236	broadened	high	mapped	1	CL:0000236	exact	high	TRUE	FALSE	FALSE	NA	NA	NA	dff7db5bf97d8674de6959b1a38e1a7f722986e3e7874253e50f2b4ae0c8b03a	4539ad863311a725cf208dfa124e93c6c9709b95291bab5ae2d05a10aab4302d	NA	03b_cassia/CASSIA_blood_human_20260803_170443/01_annotation_results/annotation_cassia_FINAL_RESULTS.csv	20260803_165902	deepseek-v4-flash	v1.0.0	v1.0.0	2025-07-30	d1f01acb10bb3de97917f294d4a52b6b	0	300	5	20
Census_immune	cluster_1	in_house	monocyte	monocyte	CL:0000576	0	NA	blood	human	healthy_immune	CL:0000576	monocyte	NA	NA	NA	NA	mapped	deterministic	CL:0000576	monocyte	provided_valid_clid	exact	NA	deterministic	CL:0000576	monocyte	TRUE	TRUE	TRUE	single_cl_id	NA	NA	NA	NA	NA	NA	NA	NA	NA	NA	NA	NA	FALSE	NA	NA	NA	NA	NA	NA	07_our_summary/summary.csv	20260803_165902	deepseek-v4-flash	v1.0.0	v1.0.0	2025-07-30	d1f01acb10bb3de97917f294d4a52b6b	0	300	5	20
Census_immune	cluster_10	in_house	T cell	tcell	CL:0000084	0	NA	blood	human	healthy_immune	CL:0000084	T cell	NA	NA	NA	NA	mapped	deterministic	CL:0000084	T cell	provided_valid_clid	exact	NA	deterministic	CL:0000084	T cell	TRUE	TRUE	TRUE	single_cl_id	NA	NA	NA	NA	NA	NA	NA	NA	NA	NA	NA	NA	FALSE	NA	NA	NA	NA	NA	NA	07_our_summary/summary.csv	20260803_165902	deepseek-v4-flash	v1.0.0	v1.0.0	2025-07-30	d1f01acb10bb3de97917f294d4a52b6b	0	300	5	20
Census_immune	cluster_11	in_house	T cell	tcell	CL:0000084	0	NA	blood	human	healthy_immune	CL:0000084	T cell	NA	NA	NA	NA	mapped	deterministic	CL:0000084	T cell	provided_valid_clid	exact	NA	deterministic	CL:0000084	T cell	TRUE	TRUE	TRUE	single_cl_id	NA	NA	NA	NA	NA	NA	NA	NA	NA	NA	NA	NA	FALSE	NA	NA	NA	NA	NA	NA	07_our_summary/summary.csv	20260803_165902	deepseek-v4-flash	v1.0.0	v1.0.0	2025-07-30	d1f01acb10bb3de97917f294d4a52b6b	0	300	5	20
Census_immune	cluster_12	in_house	natural killer cell	naturalkillercell	CL:0000623	8	NA	blood	human	healthy_immune	CL:0000623	natural killer cell	NA	NA	NA	NA	mapped	deterministic	CL:0000623	natural killer cell	provided_valid_clid	exact	NA	deterministic	CL:0000623	natural killer cell	TRUE	TRUE	TRUE	single_cl_id	NA	NA	NA	NA	NA	NA	NA	NA	NA	NA	NA	NA	FALSE	NA	NA	NA	NA	NA	NA	07_our_summary/summary.csv	20260803_165902	deepseek-v4-flash	v1.0.0	v1.0.0	2025-07-30	d1f01acb10bb3de97917f294d4a52b6b	0	300	5	20
Census_immune	cluster_13	in_house	lymphocyte of B lineage	lymphocyteofblineage	CL:0000945	8	NA	blood	human	healthy_immune	CL:0000945	lymphocyte of B lineage	NA	NA	NA	NA	mapped	deterministic	CL:0000945	lymphocyte of B lineage	provided_valid_clid	exact	NA	deterministic	CL:0000945	lymphocyte of B lineage	TRUE	TRUE	TRUE	single_cl_id	NA	NA	NA	NA	NA	NA	NA	NA	NA	NA	NA	NA	FALSE	NA	NA	NA	NA	NA	NA	07_our_summary/summary.csv	20260803_165902	deepseek-v4-flash	v1.0.0	v1.0.0	2025-07-30	d1f01acb10bb3de97917f294d4a52b6b	0	300	5	20
Census_immune	cluster_14	in_house	dendritic cell	dendriticcell	CL:0000451	0	NA	blood	human	healthy_immune	CL:0000451	dendritic cell	NA	NA	NA	NA	mapped	deterministic	CL:0000451	dendritic cell	provided_valid_clid	exact	NA	deterministic	CL:0000451	dendritic cell	TRUE	TRUE	TRUE	single_cl_id	NA	NA	NA	NA	NA	NA	NA	NA	NA	NA	NA	NA	FALSE	NA	NA	NA	NA	NA	NA	07_our_summary/summary.csv	20260803_165902	deepseek-v4-flash	v1.0.0	v1.0.0	2025-07-30	d1f01acb10bb3de97917f294d4a52b6b	0	300	5	20
Census_immune	cluster_15	in_house	B cell	bcell	CL:0000236	0	NA	blood	human	healthy_immune	CL:0000236	B cell	NA	NA	NA	NA	mapped	deterministic	CL:0000236	B cell	provided_valid_clid	exact	NA	deterministic	CL:0000236	B cell	TRUE	TRUE	TRUE	single_cl_id	NA	NA	NA	NA	NA	NA	NA	NA	NA	NA	NA	NA	FALSE	NA	NA	NA	NA	NA	NA	07_our_summary/summary.csv	20260803_165902	deepseek-v4-flash	v1.0.0	v1.0.0	2025-07-30	d1f01acb10bb3de97917f294d4a52b6b	0	300	5	20
Census_immune	cluster_16	in_house	B cell	bcell	CL:0000236	0	NA	blood	human	healthy_immune	CL:0000236	B cell	NA	NA	NA	NA	mapped	deterministic	CL:0000236	B cell	provided_valid_clid	exact	NA	deterministic	CL:0000236	B cell	TRUE	TRUE	TRUE	single_cl_id	NA	NA	NA	NA	NA	NA	NA	NA	NA	NA	NA	NA	FALSE	NA	NA	NA	NA	NA	NA	07_our_summary/summary.csv	20260803_165902	deepseek-v4-flash	v1.0.0	v1.0.0	2025-07-30	d1f01acb10bb3de97917f294d4a52b6b	0	300	5	20
Census_immune	cluster_2	in_house	T cell	tcell	CL:0000084	0	NA	blood	human	healthy_immune	CL:0000084	T cell	NA	NA	NA	NA	mapped	deterministic	CL:0000084	T cell	provided_valid_clid	exact	NA	deterministic	CL:0000084	T cell	TRUE	TRUE	TRUE	single_cl_id	NA	NA	NA	NA	NA	NA	NA	NA	NA	NA	NA	NA	FALSE	NA	NA	NA	NA	NA	NA	07_our_summary/summary.csv	20260803_165902	deepseek-v4-flash	v1.0.0	v1.0.0	2025-07-30	d1f01acb10bb3de97917f294d4a52b6b	0	300	5	20
Census_immune	cluster_3	in_house	hematopoietic precursor cell	hematopoieticprecursorcell	CL:0008001	8	NA	blood	human	healthy_immune	CL:0008001	hematopoietic precursor cell	NA	NA	NA	NA	mapped	deterministic	CL:0008001	hematopoietic precursor cell	provided_valid_clid	exact	NA	deterministic	CL:0008001	hematopoietic precursor cell	TRUE	TRUE	TRUE	single_cl_id	NA	NA	NA	NA	NA	NA	NA	NA	NA	NA	NA	NA	FALSE	NA	NA	NA	NA	NA	NA	07_our_summary/summary.csv	20260803_165902	deepseek-v4-flash	v1.0.0	v1.0.0	2025-07-30	d1f01acb10bb3de97917f294d4a52b6b	0	300	5	20
Census_immune	cluster_4	in_house	dendritic cell	dendriticcell	CL:0000451	0	NA	blood	human	healthy_immune	CL:0000451	dendritic cell	NA	NA	NA	NA	mapped	deterministic	CL:0000451	dendritic cell	provided_valid_clid	exact	NA	deterministic	CL:0000451	dendritic cell	TRUE	TRUE	TRUE	single_cl_id	NA	NA	NA	NA	NA	NA	NA	NA	NA	NA	NA	NA	FALSE	NA	NA	NA	NA	NA	NA	07_our_summary/summary.csv	20260803_165902	deepseek-v4-flash	v1.0.0	v1.0.0	2025-07-30	d1f01acb10bb3de97917f294d4a52b6b	0	300	5	20
Census_immune	cluster_5	in_house	T cell	tcell	CL:0000084	0	NA	blood	human	healthy_immune	CL:0000084	T cell	NA	NA	NA	NA	mapped	deterministic	CL:0000084	T cell	provided_valid_clid	exact	NA	deterministic	CL:0000084	T cell	TRUE	TRUE	TRUE	single_cl_id	NA	NA	NA	NA	NA	NA	NA	NA	NA	NA	NA	NA	FALSE	NA	NA	NA	NA	NA	NA	07_our_summary/summary.csv	20260803_165902	deepseek-v4-flash	v1.0.0	v1.0.0	2025-07-30	d1f01acb10bb3de97917f294d4a52b6b	0	300	5	20
Census_immune	cluster_6	in_house	erythroid lineage cell	erythroidlineagecell	CL:0000764	0	NA	blood	human	healthy_immune	CL:0000764	erythroid lineage cell	NA	NA	NA	NA	mapped	deterministic	CL:0000764	erythroid lineage cell	provided_valid_clid	exact	NA	deterministic	CL:0000764	erythroid lineage cell	TRUE	TRUE	TRUE	single_cl_id	NA	NA	NA	NA	NA	NA	NA	NA	NA	NA	NA	NA	FALSE	NA	NA	NA	NA	NA	NA	07_our_summary/summary.csv	20260803_165902	deepseek-v4-flash	v1.0.0	v1.0.0	2025-07-30	d1f01acb10bb3de97917f294d4a52b6b	0	300	5	20
Census_immune	cluster_7	in_house	megakaryocyte	megakaryocyte	CL:0000556	0	NA	blood	human	healthy_immune	CL:0000556	megakaryocyte	NA	NA	NA	NA	mapped	deterministic	CL:0000556	megakaryocyte	provided_valid_clid	exact	NA	deterministic	CL:0000556	megakaryocyte	TRUE	TRUE	TRUE	single_cl_id	NA	NA	NA	NA	NA	NA	NA	NA	NA	NA	NA	NA	FALSE	NA	NA	NA	NA	NA	NA	07_our_summary/summary.csv	20260803_165902	deepseek-v4-flash	v1.0.0	v1.0.0	2025-07-30	d1f01acb10bb3de97917f294d4a52b6b	0	300	5	20
Census_immune	cluster_8	in_house	immune cell	immunecell	CL:0008019	5	VGLL3|MDFI|CP|AMOTL2|TIMP4|PPIC|CCN1|GHR|SRPX|FMO3|LIFR|APOD|C1QTNF1|ECM2|CHRDL1	blood	human	healthy_immune	CL:0000823|CL:0000816|CL:0002420|CL:0000914|CL:0002039	immature natural killer cell|immature B cell|immature T cell|immature NK T cell|immature NK T cell stage I	0.91|0.905|0.905|0.899|0.854	NA	NA	NA	ambiguous	ab_consistent_ambiguous	NA	NA	evidence_llm_abstain	exact	NA	Mapper A/B consistently returned ambiguous	NA	NA	FALSE	TRUE	FALSE	candidate_set	ambiguous	NA	NA	exact	low	ambiguous	NA	NA	exact	low	FALSE	TRUE	FALSE	NA	NA	NA	cfbee5ddc3981ac9e65798f433cd9953134fffb959ab4b610823bbfdc16cc8cd	25e9a7d66abedf665f44e51687fb93b55c58e13ed3729d55b8c72ccf38b467ac	NA	07_our_summary/summary.csv	20260803_165902	deepseek-v4-flash	v1.0.0	v1.0.0	2025-07-30	d1f01acb10bb3de97917f294d4a52b6b	0	300	5	20
Census_immune	cluster_9	in_house	B cell	bcell	CL:0000236	0	NA	blood	human	healthy_immune	CL:0000236	B cell	NA	NA	NA	NA	mapped	deterministic	CL:0000236	B cell	provided_valid_clid	exact	NA	deterministic	CL:0000236	B cell	TRUE	TRUE	TRUE	single_cl_id	NA	NA	NA	NA	NA	NA	NA	NA	NA	NA	NA	NA	FALSE	NA	NA	NA	NA	NA	NA	07_our_summary/summary.csv	20260803_165902	deepseek-v4-flash	v1.0.0	v1.0.0	2025-07-30	d1f01acb10bb3de97917f294d4a52b6b	0	300	5	20
Census_immune	cluster_1	enrichment	classical monocyte	classicalmonocyte	CL:0000860	NA	NA	blood	human	healthy_immune	CL:0000860	classical monocyte	NA	NA	NA	NA	mapped	deterministic	CL:0000860	classical monocyte	provided_valid_clid	exact	NA	deterministic	CL:0000860	classical monocyte	TRUE	TRUE	TRUE	single_cl_id	NA	NA	NA	NA	NA	NA	NA	NA	NA	NA	NA	NA	FALSE	NA	NA	NA	NA	NA	NA	07b_inter_summary/summary.csv	20260803_165902	deepseek-v4-flash	v1.0.0	v1.0.0	2025-07-30	d1f01acb10bb3de97917f294d4a52b6b	0	300	5	20
Census_immune	cluster_10	enrichment	Naive/Quiescent CD4+ T cell (progenitor-like)	naivequiescentcd4positiveitivetcellprogenitorlike	NA	NA	WHAMM|ID3|OCIAD2|BTG3|IL6ST|SOX4|CAMK4|CD6|DDIT3|ITM2A|STK17A|LEF1|SATB1|TOB1|SBDS|NDFIP1|RHOH|SARAF|FHIT|IL7R	blood	human	healthy_immune	CL:0000895|CL:0000900|CL:0001045|CL:0000898|CL:4033038	naive thymus-derived CD4-positive, alpha-beta T cell|naive thymus-derived CD8-positive, alpha-beta T cell|naive CCR4-positive regulatory T cell|naive T cell|lung resident memory CD4-positive, alpha-beta T cell	0.833|0.826|0.82|0.768|0.763	NA	NA	NA	review	verifier_review	NA	NA	evidence_llm_abstain	exact	high	A/B consistent; spec=exact | verifier: Label includes 'Quiescent' and 'progenitor-like' which are states not captured by the selected CL term; also 'Naive/Quiescent' may imply a state rather than a distinct identity. The selected term is a naive CD4 T cell, which is supported by markers, but the extra qualifiers suggest potential over-specification or state conflation.	CL:0000895	naive thymus-derived CD4-positive, alpha-beta T cell	FALSE	TRUE	FALSE	candidate_set	mapped	1	CL:0000895	exact	high	mapped	5	CL:0000895	exact	high	TRUE	TRUE	TRUE	review	Label includes 'Quiescent' and 'progenitor-like' which are states not captured by the selected CL term; also 'Naive/Quiescent' may imply a state rather than a distinct identity. The selected term is a naive CD4 T cell, which is supported by markers, but the extra qualifiers suggest potential over-specification or state conflation.	user_review	61f6935a074ef9eb4286226e887fd4e45dbd4f0c5f31a4fc57db8bb1dea00c73	307591837ea435bb36e61ba7902bb5379c3c984442563ee88cc1ce0ab3dcba94	d97c4bfe6e7dce7daa2d88c815305df716ab0f8fd2743b1c181bc448dffebaa2	07b_inter_summary/summary.csv	20260803_165902	deepseek-v4-flash	v1.0.0	v1.0.0	2025-07-30	d1f01acb10bb3de97917f294d4a52b6b	0	300	5	20
Census_immune	cluster_11	enrichment	stem cell memory CD8-positive, alpha-beta T cell	stemcellmemorycd8positiveitivepositivealphabetatcell	CL:0020034	NA	MAL|TRAC|RGCC|BCL11B|FLT3LG|KLF2|LEPROTL1|CD3D|IL32|CD2|JUNB|GIMAP7|CD3E|CD3G|LTB|CD27|ZFP36L2|LIME1|TRBC1|CLEC2D	blood	human	healthy_immune	CL:0000913|CL:0000905|CL:0000907|CL:0000904|CL:0000034	effector memory CD8-positive, alpha-beta T cell|effector memory CD4-positive, alpha-beta T cell|central memory CD8-positive, alpha-beta T cell|central memory CD4-positive, alpha-beta T cell|stem cell	0.917|0.904|0.885|0.865|0.831	NA	NA	NA	review	verifier_review	NA	NA	evidence_llm_abstain	exact	high	A/B consistent; spec=exact | verifier: The label specifies 'stem cell memory' CD8-positive alpha-beta T cell, but the proposed mapping is to 'central memory' CD8-positive alpha-beta T cell. Stem cell memory T cells are a distinct subset from central memory T cells, and the candidate list does not include a stem cell memory T cell term. The markers do not discriminate between stem cell memory and central memory, as both share T cell markers. The mapping is over-specified and does not match the label.	CL:0000907	central memory CD8-positive, alpha-beta T cell	FALSE	TRUE	FALSE	candidate_set	mapped	3	CL:0000907	exact	high	mapped	3	CL:0000907	exact	high	TRUE	TRUE	TRUE	review	The label specifies 'stem cell memory' CD8-positive alpha-beta T cell, but the proposed mapping is to 'central memory' CD8-positive alpha-beta T cell. Stem cell memory T cells are a distinct subset from central memory T cells, and the candidate list does not include a stem cell memory T cell term. The markers do not discriminate between stem cell memory and central memory, as both share T cell markers. The mapping is over-specified and does not match the label.	user_review	35eddcd051086efde5be38b1b3ad6a8af9486d1c274b9904a0c90345c96cc45e	eea41c684392a68b83292b6357c74fd3bb9b4982d0544c806a5897ac28e25c76	fd3e4e00090b8cfa599ed3ccde8cff97b13146aa7cb8bc5366b6f2d13a191e7c	07b_inter_summary/summary.csv	20260803_165902	deepseek-v4-flash	v1.0.0	v1.0.0	2025-07-30	d1f01acb10bb3de97917f294d4a52b6b	0	300	5	20
Census_immune	cluster_12	enrichment	natural killer cell	naturalkillercell	CL:0000623	NA	NA	blood	human	healthy_immune	CL:0000623	natural killer cell	NA	NA	NA	NA	mapped	deterministic	CL:0000623	natural killer cell	provided_valid_clid	exact	NA	deterministic	CL:0000623	natural killer cell	TRUE	TRUE	TRUE	single_cl_id	NA	NA	NA	NA	NA	NA	NA	NA	NA	NA	NA	NA	FALSE	NA	NA	NA	NA	NA	NA	07b_inter_summary/summary.csv	20260803_165902	deepseek-v4-flash	v1.0.0	v1.0.0	2025-07-30	d1f01acb10bb3de97917f294d4a52b6b	0	300	5	20
Census_immune	cluster_13	enrichment	plasma cell	plasmacell	CL:0000786	NA	NA	blood	human	healthy_immune	CL:0000786	plasma cell	NA	NA	NA	NA	mapped	deterministic	CL:0000786	plasma cell	provided_valid_clid	exact	NA	deterministic	CL:0000786	plasma cell	TRUE	TRUE	TRUE	single_cl_id	NA	NA	NA	NA	NA	NA	NA	NA	NA	NA	NA	NA	FALSE	NA	NA	NA	NA	NA	NA	07b_inter_summary/summary.csv	20260803_165902	deepseek-v4-flash	v1.0.0	v1.0.0	2025-07-30	d1f01acb10bb3de97917f294d4a52b6b	0	300	5	20
Census_immune	cluster_14	enrichment	plasmacytoid dendritic cell	plasmacytoiddendriticcell	CL:0000784	NA	NA	blood	human	healthy_immune	CL:0000784	plasmacytoid dendritic cell	NA	NA	NA	NA	mapped	deterministic	CL:0000784	plasmacytoid dendritic cell	provided_valid_clid	exact	NA	deterministic	CL:0000784	plasmacytoid dendritic cell	TRUE	TRUE	TRUE	single_cl_id	NA	NA	NA	NA	NA	NA	NA	NA	NA	NA	NA	NA	FALSE	NA	NA	NA	NA	NA	NA	07b_inter_summary/summary.csv	20260803_165902	deepseek-v4-flash	v1.0.0	v1.0.0	2025-07-30	d1f01acb10bb3de97917f294d4a52b6b	0	300	5	20
Census_immune	cluster_15	enrichment	Plasma cell / differentiated B cell (likely plasmablast or plasma cell)	plasmacelldifferentiatedbcelllikelyplasmablastorplasmacell	NA	NA	CFAP73|ACSM3|MME|CCDC191|IRF4|PCDH9|H1-2|VPREB1|IGLC1|TCL1A|CD24|CCDC112|NEIL1|BCL7A|CD79B|VPREB3|RUBCNL|FCRLA|H2AC6|LHPP	blood	human	healthy_immune	CL:0000786|CL:0009033|CL:0009059|CL:0000784|CL:2000062	plasma cell|plasma cell of appendix|plasma cell of medullary sinus of lymph node|plasmacytoid dendritic cell|placental villus capillary endothelial cell	0.834|0.808|0.802|0.793|0.79	NA	NA	NA	mapped_evidence	accept_after_verifier	CL:0000786	plasma cell	evidence_llm	exact	high	A/B consistent; spec=exact	CL:0000786	plasma cell	TRUE	TRUE	TRUE	single_cl_id	mapped	1	CL:0000786	exact	high	mapped	5	CL:0000786	exact	high	TRUE	TRUE	TRUE	accept	NA	accept	84a493363998bb85546d434ed68908a3023b71558118bbdb2109aaea62fb20f7	4850c88ea89cac3156591f62c3bb0b7f5e2643bda2d95f72a484f315e49dcdf4	b32b841f4d44c42a4c01628b7b0aee6128049096c2b6e96205be5b6e9e051a5f	07b_inter_summary/summary.csv	20260803_165902	deepseek-v4-flash	v1.0.0	v1.0.0	2025-07-30	d1f01acb10bb3de97917f294d4a52b6b	0	300	5	20
Census_immune	cluster_16	enrichment	pro-B cell	probcell	CL:0000826	NA	NA	blood	human	healthy_immune	CL:0000826	pro-B cell	NA	NA	NA	NA	mapped	deterministic	CL:0000826	pro-B cell	provided_valid_clid	exact	NA	deterministic	CL:0000826	pro-B cell	TRUE	TRUE	TRUE	single_cl_id	NA	NA	NA	NA	NA	NA	NA	NA	NA	NA	NA	NA	FALSE	NA	NA	NA	NA	NA	NA	07b_inter_summary/summary.csv	20260803_165902	deepseek-v4-flash	v1.0.0	v1.0.0	2025-07-30	d1f01acb10bb3de97917f294d4a52b6b	0	300	5	20
Census_immune	cluster_2	enrichment	naive thymus-derived CD8-positive, alpha-beta T cell	naivethymusderivedcd8positiveitivepositivealphabetatcell	CL:0000900	NA	NA	blood	human	healthy_immune	CL:0000900	naive thymus-derived CD8-positive, alpha-beta T cell	NA	NA	NA	NA	mapped	deterministic	CL:0000900	naive thymus-derived CD8-positive, alpha-beta T cell	provided_valid_clid	exact	NA	deterministic	CL:0000900	naive thymus-derived CD8-positive, alpha-beta T cell	TRUE	TRUE	TRUE	single_cl_id	NA	NA	NA	NA	NA	NA	NA	NA	NA	NA	NA	NA	FALSE	NA	NA	NA	NA	NA	NA	07b_inter_summary/summary.csv	20260803_165902	deepseek-v4-flash	v1.0.0	v1.0.0	2025-07-30	d1f01acb10bb3de97917f294d4a52b6b	0	300	5	20
Census_immune	cluster_3	enrichment	Hematopoietic Stem/Progenitor Cell (HSPC) / Early Myeloid Progenitor	hematopoieticstemprogenitorcellhspcearlymyeloidprogenitor	NA	NA	AVP|CRHBP|HPGDS|CRYGD|NPR3|CPA3|HTR1F|GATA2|C1QTNF4|BAALC|SPINK2|SMIM24|CPXM1|CYTL1|HOXA9|PRSS57|EGFL7|GUCY1A1|NPW|HOXA10	blood	human	healthy_immune	CL:0002031|CL:0002032|CL:0000037|CL:0000837|CL:0001060	hematopoietic lineage restricted progenitor cell|hematopoietic oligopotent progenitor cell|hematopoietic stem cell|hematopoietic multipotent progenitor cell|hematopoietic oligopotent progenitor cell, lineage-negative	0.891|0.87|0.864|0.863|0.852	NA	NA	NA	ambiguous	ab_consistent_ambiguous	NA	NA	evidence_llm_abstain	exact	NA	Mapper A/B consistently returned ambiguous	NA	NA	FALSE	TRUE	FALSE	candidate_set	ambiguous	NA	NA	exact	low	ambiguous	NA	NA	exact	low	FALSE	TRUE	FALSE	NA	NA	NA	a533e70d89fbae7f2d3cbb95611e1257393e761f78d2848d5fa78b35a9157794	159ac52a88bbcfc2926d55017db6895bf85350272fc171abd0be1bd40e5d800c	NA	07b_inter_summary/summary.csv	20260803_165902	deepseek-v4-flash	v1.0.0	v1.0.0	2025-07-30	d1f01acb10bb3de97917f294d4a52b6b	0	300	5	20
Census_immune	cluster_4	enrichment	Conventional Dendritic Cell Type 2 (cDC2)	conventionaldendriticcelltype2cdc2	NA	NA	ENHO|FCER1A|CLEC10A|NDRG2|HLA-DQA1|CD1C|UPK3A|NAPSB|CPVL|CST3|GAS6|HLA-DRB5|GPAT3|HLA-DRB4|HLA-DRB1|IL13RA1|IGSF6|GSN|AREG|ANXA2	blood	human	healthy_immune	CL:0000990|CL:0002320|CL:0000183|CL:2000084|CL:0000484	conventional dendritic cell|connective tissue cell|contractile cell|conjunctiva goblet cell|connective tissue type mast cell	0.947|0.8|0.8|0.784|0.775	NA	NA	NA	mapped_evidence	accept_low_risk	CL:0000990	conventional dendritic cell	evidence_llm	exact	high	A/B consistent; spec=exact	CL:0000990	conventional dendritic cell	TRUE	TRUE	TRUE	single_cl_id	mapped	1	CL:0000990	exact	high	mapped	5	CL:0000990	exact	high	TRUE	TRUE	FALSE	NA	NA	NA	091391b65daf04bdc0fe29761f496bc6584df7e855e0a3d0209e9a8a5007a65b	b366084c7e746440d7d17d0efb58ba24018b549d0d3bf9595015aaed74b244b4	NA	07b_inter_summary/summary.csv	20260803_165902	deepseek-v4-flash	v1.0.0	v1.0.0	2025-07-30	d1f01acb10bb3de97917f294d4a52b6b	0	300	5	20
Census_immune	cluster_5	enrichment	Cytotoxic memory/effector CD8+ T cell (with NK-like features)	cytotoxicmemoryeffectorcd8positiveitivetcellwithnklikefeatures	NA	NA	GZMK|TRGC2|GZMH|CCL4|LYAR|CMC1|CST7|CCL5|DUSP2|GZMA|CD8A|PIK3R1|NKG7|RGS1|FGFBP2|C12orf75|GNLY|IL32|CD8B|KLRK1	blood	human	healthy_immune	CL:0000939|CL:0000910|CL:0000913|CL:0000905|CL:0000908	CD16-positive, CD56-dim natural killer cell, human|cytotoxic T cell|effector memory CD8-positive, alpha-beta T cell|effector memory CD4-positive, alpha-beta T cell|CD8-positive, alpha-beta cytokine secreting effector T cell	0.835|0.831|0.756|0.745|0.745	NA	NA	NA	review	status_mismatch_mixed_signal_mapped	NA	NA	evidence_llm_abstain	exact	NA	status_mismatch_mixed_signal_mapped	CL:0000913	effector memory CD8-positive, alpha-beta T cell	FALSE	TRUE	FALSE	candidate_set	mixed_signal	3	CL:0000913	exact	medium	mapped	3	CL:0000913	exact	high	TRUE	TRUE	FALSE	NA	NA	NA	136cffc233b8aad7d74afce9048c307f043e77b0e103144f9ca5e2a7f40035bf	d8179523bf0329af33a4c84020e16db1d7d4e8abb53168e116f4c8f3529c1bb9	NA	07b_inter_summary/summary.csv	20260803_165902	deepseek-v4-flash	v1.0.0	v1.0.0	2025-07-30	d1f01acb10bb3de97917f294d4a52b6b	0	300	5	20
Census_immune	cluster_6	enrichment	Erythroid precursor (orthochromatic erythroblast)	erythroidprecursororthochromaticerythroblast	NA	NA	CTSE|GYPA|AHSP|NMU|CA1|HBM|GYPB|SLC25A21|PKLR|HBB|HBD|EPB42|FAM178B|CR1L|KLF1|EPCAM|ALAS2|SELENBP1|HBG2|KCNH2	blood	human	healthy_immune	CL:0000038|CL:0000574|CL:0000764|CL:0001066|CL:0000232	erythroid progenitor cell|erythrophore|erythroid lineage cell|erythroid progenitor cell, mammalian|erythrocyte	0.835|0.821|0.807|0.805|0.797	NA	NA	NA	parent_only	ab_parent_child	CL:0000038	erythroid progenitor cell	evidence_llm	broadened	NA	A_ancestor_of_B	CL:0000038	erythroid progenitor cell	TRUE	TRUE	TRUE	single_cl_id	mapped	1	CL:0000038	broadened	medium	mapped	2	CL:0001066	broadened	medium	FALSE	TRUE	FALSE	NA	NA	NA	53ba5697747c89b3f719d8a4829ca283b925e3af0263c017ccbd5f7d732b9b79	686ce18571ba6d798ab856cebb0bd25cb7d1bad6b8346668aa1ae8860dff1b94	NA	07b_inter_summary/summary.csv	20260803_165902	deepseek-v4-flash	v1.0.0	v1.0.0	2025-07-30	d1f01acb10bb3de97917f294d4a52b6b	0	300	5	20
Census_immune	cluster_7	enrichment	Platelet / Megakaryocyte	plateletmegakaryocyte	NA	NA	TMEM40|PPBP|PF4|CLEC1B|GP9|TREML1|TUBB1|CMTM5|PF4V1|ACRBP|MYL9|SEPT5-GP1BB|CAVIN2|ITGB3|GNG11|GP1BB|ITGA2B|CTTN|SPARC|RGS18	blood	human	healthy_immune	CL:0000233|CL:0000394|CL:0002359|CL:4033087|CL:0000784	platelet|plasmatocyte|placental hematopoietic stem cell|placental resident macrophage|plasmacytoid dendritic cell	0.876|0.806|0.777|0.769|0.768	NA	NA	FALSE	review	mixed_component_mismatch	NA	NA	evidence_llm_abstain	exact	NA	A components=CL:0000233|CL:0000394; B components=CL:4033087|CL:0000233	CL:0000233	platelet	FALSE	TRUE	FALSE	candidate_set	mixed_identity	1	CL:0000233	exact	high	mixed_identity	5	CL:0000233	exact	high	TRUE	TRUE	FALSE	NA	NA	NA	c84697717303de1fd11690e94569469e8b8ca0904f9f37a1995dac78b4f8da8f	39ede11de5eaafb9dd6a80f495e9f84f9d6d35d6a83c50bbdd4b85b7f54cde11	NA	07b_inter_summary/summary.csv	20260803_165902	deepseek-v4-flash	v1.0.0	v1.0.0	2025-07-30	d1f01acb10bb3de97917f294d4a52b6b	0	300	5	20
Census_immune	cluster_8	enrichment	mesenchymal stem cell	mesenchymalstemcell	CL:0000134	NA	NA	blood	human	healthy_immune	CL:0000134	mesenchymal stem cell	NA	NA	NA	NA	mapped	deterministic	CL:0000134	mesenchymal stem cell	provided_valid_clid	exact	NA	deterministic	CL:0000134	mesenchymal stem cell	TRUE	TRUE	TRUE	single_cl_id	NA	NA	NA	NA	NA	NA	NA	NA	NA	NA	NA	NA	FALSE	NA	NA	NA	NA	NA	NA	07b_inter_summary/summary.csv	20260803_165902	deepseek-v4-flash	v1.0.0	v1.0.0	2025-07-30	d1f01acb10bb3de97917f294d4a52b6b	0	300	5	20
Census_immune	cluster_9	enrichment	naive/mature B cell	naivematurebcell	NA	NA	FCER2|MS4A1|BANK1|TNFRSF13C|IGHM|CD22|CD79A|RALGPS2|P2RX5|MARCHF1|PLPP5|HVCN1|NIBAN3|RUBCNL|CD74|MEF2C|HLA-DMB|CD83|TCL1A|IRF8	blood	human	healthy_immune	CL:0000898|CL:0000788|CL:0002677|CL:0000540|CL:0001045	naive T cell|naive B cell|naive regulatory T cell|neuron|naive CCR4-positive regulatory T cell	0.905|0.895|0.865|0.819|0.818	NA	NA	NA	mapped_evidence	accept_after_verifier	CL:0000788	naive B cell	evidence_llm	exact	high	A/B consistent; spec=exact	CL:0000788	naive B cell	TRUE	TRUE	TRUE	single_cl_id	mapped	2	CL:0000788	exact	high	mapped	4	CL:0000788	exact	high	TRUE	TRUE	TRUE	accept	NA	accept	dfff2b3b0784509e06b0b0c6e780881d3092a7c0480cffb32253947fa8a0fc5a	285908d7faf68612d752ad7860cfdb3068dc76d461cd16f43027c14637ff04a0	838a5017b647dac642aa5eab0ba5fc05c32aa9dc1a86fd806588806c9b4ce89a	07b_inter_summary/summary.csv	20260803_165902	deepseek-v4-flash	v1.0.0	v1.0.0	2025-07-30	d1f01acb10bb3de97917f294d4a52b6b	0	300	5	20
Sikkema_lung	cluster_1	cassia	T lymphocyte (αβ T cell)	tlymphocytealphabetatcell	NA	NA	TBC1D16|TTF2|GOLGA6L22|S100A1|RUSC2|SLC25A27|TRAV3|SLC2A1-DT|LIX1L|TRBV28|GALNT9|CLEC2D|KLRB1|ACAP1|ZRANB3|ARHGAP15|TRAF3IP3|IQUB|CNP|RGS1	lung	human	health_and_disease_reference_atlas	CL:0000084|CL:0000789|CL:0002293|CL:0000958|CL:0000959	T cell|alpha-beta T cell|epithelial cell of thymus|T1 B cell|T2 B cell	0.888|0.808|0.788|0.786|0.786	NA	NA	NA	mapped_evidence	accept_after_verifier	CL:0000789	alpha-beta T cell	evidence_llm	exact	high	A/B consistent; spec=exact	CL:0000789	alpha-beta T cell	TRUE	TRUE	TRUE	single_cl_id	mapped	2	CL:0000789	exact	high	mapped	4	CL:0000789	exact	high	TRUE	TRUE	TRUE	accept	NA	accept	84b99076e4596c94a4889bc12577e1a6dace08cc94d039d6d8bc4c6b4204d205	833d4675324a9b04ff37631684c4d6d79a2e8c811d7e9ea9adbd58bfc5f2a02e	eedb1d8166faa1104e678cd3fb19e64c124acc83cf80ebe27b09d83c90bb2b99	03b_cassia/CASSIA_lung_human_20260803_170442/01_annotation_results/annotation_cassia_FINAL_RESULTS.csv	20260803_165920	deepseek-v4-flash	v1.0.0	v1.0.0	2025-07-30	d1f01acb10bb3de97917f294d4a52b6b	0	300	5	20
Sikkema_lung	cluster_10	cassia	Lung epithelial cell, specifically alveolar type 2 (AT2) epithelial cell / AT2-lineage cell.	lungepithelialcellspecificallyalveolartype2at2epithelialcellat2lineagecell	NA	88	BMP1|PGC|NEUROG3|RGPD2|CYTL1|ROS1|CPB2|SFTPC|ANAPC10|NR1H2|DYDC2|LAMP3|RASGRF1|ENHO|TMEFF2|ADAMDEC1|CRTAC1|WWP1|USP39|KCTD5	lung	human	health_and_disease_reference_atlas	CL:0000082|CL:1000271|CL:1001567|CL:4028001|CL:0002063	epithelial cell of lung|lung multiciliated epithelial cell|lung endothelial cell|pulmonary capillary endothelial cell|pulmonary alveolar type 2 cell	0.849|0.785|0.784|0.775|0.774	NA	NA	NA	mapped_evidence	accept_after_verifier	CL:0002063	pulmonary alveolar type 2 cell	evidence_llm	exact	high	A/B consistent; spec=exact	CL:0002063	pulmonary alveolar type 2 cell	TRUE	TRUE	TRUE	single_cl_id	mapped	5	CL:0002063	exact	high	mapped	1	CL:0002063	exact	high	TRUE	TRUE	TRUE	accept	NA	accept	3306eb632a7bdeb3fa67c96635ee63db25abad547433a445d234d38d5cd4c3ab	5e74ef848ce2bf15dea4efc925e5ce38010f7ce253aee882b771322ec100c3af	ceb4571c17389568d79827c20719ae590ca913297cabc140c1ccc207d83d3d28	03b_cassia/CASSIA_lung_human_20260803_170442/01_annotation_results/annotation_cassia_FINAL_RESULTS.csv	20260803_165920	deepseek-v4-flash	v1.0.0	v1.0.0	2025-07-30	d1f01acb10bb3de97917f294d4a52b6b	0	300	5	20
Sikkema_lung	cluster_11	cassia	Mesothelial cells	mesothelialcell	NA	NA	NA	lung	human	health_and_disease_reference_atlas	CL:0000077	mesothelial cell	NA	NA	NA	NA	mapped	deterministic	CL:0000077	mesothelial cell	normalized	exact	NA	deterministic	CL:0000077	mesothelial cell	TRUE	TRUE	TRUE	single_cl_id	NA	NA	NA	NA	NA	NA	NA	NA	NA	NA	NA	NA	FALSE	NA	NA	NA	NA	NA	NA	03b_cassia/CASSIA_lung_human_20260803_170442/01_annotation_results/annotation_cassia_FINAL_RESULTS.csv	20260803_165920	deepseek-v4-flash	v1.0.0	v1.0.0	2025-07-30	d1f01acb10bb3de97917f294d4a52b6b	0	300	5	20
Sikkema_lung	cluster_2	cassia	Airway basal epithelial cell / basal progenitor	airwaybasalepithelialcellbasalprogenitor	NA	NA	ZNF562|GSAP|LURAP1|TP63|EMC4|ZNF700|CCDC74A|PDCD1LG2|PKP1|DSC1|TNC|PTPRZ1|FGFBP2|KRTAP19-8|CRYL1|TNFAIP8|TOP2A|FAT2|ZNF552|TVP23A	lung	human	health_and_disease_reference_atlas	CL:0002633|CL:0002368|CL:4033023|CL:4033055|CL:4033024	respiratory basal cell|respiratory tract epithelial cell|airway submucosal gland collecting duct epithelial cell|airway submucosal gland duct multiciliated cell|airway submucosal gland duct basal cell	0.855|0.835|0.821|0.807|0.795	NA	NA	NA	mapped_evidence	accept_after_verifier	CL:0002633	respiratory basal cell	evidence_llm	exact	high	A/B consistent; spec=exact	CL:0002633	respiratory basal cell	TRUE	TRUE	TRUE	single_cl_id	mapped	1	CL:0002633	exact	high	mapped	5	CL:0002633	exact	high	TRUE	TRUE	TRUE	accept	NA	accept	398218e075af00c1444ae7fc26335861236d1b001a325ed794bfa9067a1d4861	40782297c36354bceb67717b7ccb48f302e5de6ec37185ad1a42695706ac3412	4b8de9d66b26a8312d76737017dcd65d992be415a0c56431b50e5c09163b6314	03b_cassia/CASSIA_lung_human_20260803_170442/01_annotation_results/annotation_cassia_FINAL_RESULTS.csv	20260803_165920	deepseek-v4-flash	v1.0.0	v1.0.0	2025-07-30	d1f01acb10bb3de97917f294d4a52b6b	0	300	5	20
Sikkema_lung	cluster_3	cassia	Endothelial cell	endothelialcell	NA	90	NA	lung	human	health_and_disease_reference_atlas	CL:0000115	endothelial cell	NA	NA	NA	NA	mapped	deterministic	CL:0000115	endothelial cell	normalized	exact	NA	deterministic	CL:0000115	endothelial cell	TRUE	TRUE	TRUE	single_cl_id	NA	NA	NA	NA	NA	NA	NA	NA	NA	NA	NA	NA	FALSE	NA	NA	NA	NA	NA	NA	03b_cassia/CASSIA_lung_human_20260803_170442/01_annotation_results/annotation_cassia_FINAL_RESULTS.csv	20260803_165920	deepseek-v4-flash	v1.0.0	v1.0.0	2025-07-30	d1f01acb10bb3de97917f294d4a52b6b	0	300	5	20
Sikkema_lung	cluster_4	cassia	Ciliated airway epithelial cell / multiciliated epithelial cell	ciliatedairwayepithelialcellmulticiliatedepithelialcell	NA	88	SLC19A1|TP53I11|COL4A1|BTG2-DT|PDE10A|NYX|YIF1A|GSTA1|PLAGL1|DEPTOR|HSP90B1|TMPRSS7|EFCAB6|TLCD4|ACE|DCAF10|NHLRC4|HNF4G|DNAAF6|ZNF154	lung	human	health_and_disease_reference_atlas	CL:0000067|CL:0000064|CL:3000000|CL:0002332|CL:4030034	ciliated epithelial cell|ciliated cell|ciliated epithelial cell of esophagus|multiciliated epithelial cell of the bronchus|respiratory tract multiciliated cell	0.839|0.819|0.799|0.798|0.791	NA	NA	NA	parent_only	ab_parent_child	CL:0000067	ciliated epithelial cell	evidence_llm	exact	NA	A_ancestor_of_B	CL:0000067	ciliated epithelial cell	TRUE	TRUE	TRUE	single_cl_id	mapped	1	CL:0000067	exact	high	mapped	1	CL:4030034	exact	high	FALSE	TRUE	FALSE	NA	NA	NA	84ef9aaecbfa1097d082d75c906938744b21c40bfaee7e7cb225a56b9435fba8	6d294de32376e9579b57d2bd030a907ba099a40d0113e868684cc620919c6575	NA	03b_cassia/CASSIA_lung_human_20260803_170442/01_annotation_results/annotation_cassia_FINAL_RESULTS.csv	20260803_165920	deepseek-v4-flash	v1.0.0	v1.0.0	2025-07-30	d1f01acb10bb3de97917f294d4a52b6b	0	300	5	20
Sikkema_lung	cluster_5	cassia	Fibroblast / mesenchymal / stromal cell with possible mixed-lineage contamination	fibroblastmesenchymalstromalcellwithpossiblemixedlineagecontamination	NA	90	PNOC|PCID2|FNDC1|CCN5|GFRA2|SLC6A19|DCN|KERA|TANK|OGN|MYH6|UGT2B15|SFRP4|IL17REL|ZNF511|MGST3|ZNF548|MYD88|EFNA5|TBX20	lung	human	health_and_disease_reference_atlas	CL:1000301|CL:0000057|CL:2000017|CL:2000015|CL:0002555	fibroblast of subepithelial connective tissue of prostatic gland|fibroblast|fibroblast of peridontal ligament|fibroblast of arm|fibroblast of mammary gland	0.844|0.829|0.826|0.813|0.806	NA	NA	NA	mixed_signal	ab_consistent_mixed_signal	NA	NA	evidence_llm_abstain	exact	NA	Mapper A/B consistently returned mixed_signal	CL:0000057	fibroblast	FALSE	TRUE	FALSE	candidate_set	mixed_signal	2	CL:0000057	exact	medium	mixed_signal	4	CL:0000057	broadened	medium	TRUE	FALSE	FALSE	NA	NA	NA	246c90b52aec07283306c4b1e5698f079ffebdcfa045c644bf21140329137f59	b7a980809b16e56053420256fb7693740b5a58f6c6a56f22a8c885b5767544ea	NA	03b_cassia/CASSIA_lung_human_20260803_170442/01_annotation_results/annotation_cassia_FINAL_RESULTS.csv	20260803_165920	deepseek-v4-flash	v1.0.0	v1.0.0	2025-07-30	d1f01acb10bb3de97917f294d4a52b6b	0	300	5	20
Sikkema_lung	cluster_6	cassia	Macrophage	macrophage	NA	NA	NA	lung	human	health_and_disease_reference_atlas	CL:0000235	macrophage	NA	NA	NA	NA	mapped	deterministic	CL:0000235	macrophage	normalized	exact	NA	deterministic	CL:0000235	macrophage	TRUE	TRUE	TRUE	single_cl_id	NA	NA	NA	NA	NA	NA	NA	NA	NA	NA	NA	NA	FALSE	NA	NA	NA	NA	NA	NA	03b_cassia/CASSIA_lung_human_20260803_170442/01_annotation_results/annotation_cassia_FINAL_RESULTS.csv	20260803_165920	deepseek-v4-flash	v1.0.0	v1.0.0	2025-07-30	d1f01acb10bb3de97917f294d4a52b6b	0	300	5	20
Sikkema_lung	cluster_7	cassia	B lymphocytes / B cells	blymphocytebcell	NA	88	PDZD8|PAIP1|B3GAT3|GYG1|KANK2|IPPK|CD79A|IGKV5-2|PDLIM5|HYDIN|ARID3B|VWA5A|CD69|KLHL30|RGS1|RPE65|SLC19A3|BIRC3|SLC2A1-DT|MDN1	lung	human	health_and_disease_reference_atlas	CL:0000236|CL:0000542|CL:0017006|CL:0000819|CL:0000822	B cell|lymphocyte|B-lymphoblast|B-1 B cell|B-2 B cell	0.938|0.875|0.862|0.86|0.86	NA	NA	NA	mapped_evidence	accept_after_verifier	CL:0000236	B cell	evidence_llm	exact	high	A/B consistent; spec=exact	CL:0000236	B cell	TRUE	TRUE	TRUE	single_cl_id	mapped	1	CL:0000236	exact	high	mapped	5	CL:0000236	exact	high	TRUE	TRUE	TRUE	accept	NA	accept	815c57aa683dfd4ba8f724f37f01b4b5a0040dfce38209e24ab8e7cd67e38056	934d4ec33b162c18990a9183f3ff8a75e8e0f1990ca83b0a96732162ec8202be	1aaf0b4e6c973fae745ac4f91a724b11135222e79341c48dc8f1aefe4df4a95d	03b_cassia/CASSIA_lung_human_20260803_170442/01_annotation_results/annotation_cassia_FINAL_RESULTS.csv	20260803_165920	deepseek-v4-flash	v1.0.0	v1.0.0	2025-07-30	d1f01acb10bb3de97917f294d4a52b6b	0	300	5	20
Sikkema_lung	cluster_8	cassia	Myeloid lineage — monocyte/macrophage (mononuclear phagocyte)	myeloidlineagemonocytemacrophagemononuclearphagocyte	NA	NA	TGFA|FCN1|ELSPBP1|CCDC30|CMC1|ZNF496|AAR2|ELK1|PLGLB2|SERPINB2|KCNJ2|STYXL1|SIN3B|STAB1|VCAN|PRKAG3|LILRB1|CNR2|MS4A6A|TPM3	lung	human	health_and_disease_reference_atlas	CL:0000839|CL:4301613|CL:0000763|CL:4072002|CL:0000218	myeloid lineage restricted progenitor cell|myelin-forming oligodendrocyte (Mmus)|myeloid cell|myelin-forming oligodendrocyte|myelinating Schwann cell	0.823|0.801|0.8|0.795|0.794	NA	NA	NA	mapped_evidence	accept_after_verifier	CL:0000763	myeloid cell	evidence_llm	broadened	medium	A/B consistent; spec=broadened	CL:0000763	myeloid cell	TRUE	TRUE	TRUE	single_cl_id	mapped	3	CL:0000763	broadened	medium	mapped	3	CL:0000763	broadened	medium	TRUE	TRUE	TRUE	accept	NA	accept	e67b47a8f4aa86b107fcc47ffe225131f29ffee955d12d5c47cfe3c5ac36849e	57e512da4b4c5c6f536d3a107e842a7963f2cf59223bc3d758b561c949876a18	164c5bb7ea0261280538adb365d3ce21bdac19f57700560e1a12565450c18922	03b_cassia/CASSIA_lung_human_20260803_170442/01_annotation_results/annotation_cassia_FINAL_RESULTS.csv	20260803_165920	deepseek-v4-flash	v1.0.0	v1.0.0	2025-07-30	d1f01acb10bb3de97917f294d4a52b6b	0	300	5	20
Sikkema_lung	cluster_9	cassia	Cytotoxic αβ T lymphocyte / type-1 effector T cell	cytotoxicalphabetatlymphocytetype1effectortcell	NA	NA	CPEB2|CLEC1A|METTL23|ARC|MAB21L1|CLRN3|IGHE|SF3B1|MYOM2|NFKBIL1|NKG7|PPDPFL|GRM3|GZMB|TBX21|KLRC1|GZMH|POU2F1|CST7|TTC39C	lung	human	health_and_disease_reference_atlas	CL:0000910|CL:0000939|CL:0002295|CL:4023059|CL:0002059	cytotoxic T cell|CD16-positive, CD56-dim natural killer cell, human|type-6 epithelial cell of thymus|committed oligodendrocyte precursor|CD8-alpha-positive thymic conventional dendritic cell	0.831|0.777|0.72|0.719|0.716	NA	NA	NA	mapped_evidence	accept_after_verifier	CL:0000910	cytotoxic T cell	evidence_llm	exact	high	A/B consistent; spec=exact	CL:0000910	cytotoxic T cell	TRUE	TRUE	TRUE	single_cl_id	mapped	1	CL:0000910	exact	high	mapped	5	CL:0000910	exact	high	TRUE	TRUE	TRUE	accept	NA	accept	6d3c04cac7acf26dbe541104867cc827cae8745e5a19d35846177e2494a63f71	7c8482d9484526540be4f17f54938e979da32302a69b646b72493cec5d4fcd9b	cdb638c2bb01ebda557184fe244c9117bfeebbde829bfabe5e820f15db6aa110	03b_cassia/CASSIA_lung_human_20260803_170442/01_annotation_results/annotation_cassia_FINAL_RESULTS.csv	20260803_165920	deepseek-v4-flash	v1.0.0	v1.0.0	2025-07-30	d1f01acb10bb3de97917f294d4a52b6b	0	300	5	20
Sikkema_lung	cluster_1	in_house	T cell	tcell	CL:0000084	0	NA	lung	human	health_and_disease_reference_atlas	CL:0000084	T cell	NA	NA	NA	NA	mapped	deterministic	CL:0000084	T cell	provided_valid_clid	exact	NA	deterministic	CL:0000084	T cell	TRUE	TRUE	TRUE	single_cl_id	NA	NA	NA	NA	NA	NA	NA	NA	NA	NA	NA	NA	FALSE	NA	NA	NA	NA	NA	NA	07_our_summary/summary.csv	20260803_165920	deepseek-v4-flash	v1.0.0	v1.0.0	2025-07-30	d1f01acb10bb3de97917f294d4a52b6b	0	300	5	20
Sikkema_lung	cluster_10	in_house	epithelial cell	epithelialcell	CL:0000066	8	NA	lung	human	health_and_disease_reference_atlas	CL:0000066	epithelial cell	NA	NA	NA	NA	mapped	deterministic	CL:0000066	epithelial cell	provided_valid_clid	exact	NA	deterministic	CL:0000066	epithelial cell	TRUE	TRUE	TRUE	single_cl_id	NA	NA	NA	NA	NA	NA	NA	NA	NA	NA	NA	NA	FALSE	NA	NA	NA	NA	NA	NA	07_our_summary/summary.csv	20260803_165920	deepseek-v4-flash	v1.0.0	v1.0.0	2025-07-30	d1f01acb10bb3de97917f294d4a52b6b	0	300	5	20
Sikkema_lung	cluster_11	in_house	epithelial cell	epithelialcell	CL:0000066	0	NA	lung	human	health_and_disease_reference_atlas	CL:0000066	epithelial cell	NA	NA	NA	NA	mapped	deterministic	CL:0000066	epithelial cell	provided_valid_clid	exact	NA	deterministic	CL:0000066	epithelial cell	TRUE	TRUE	TRUE	single_cl_id	NA	NA	NA	NA	NA	NA	NA	NA	NA	NA	NA	NA	FALSE	NA	NA	NA	NA	NA	NA	07_our_summary/summary.csv	20260803_165920	deepseek-v4-flash	v1.0.0	v1.0.0	2025-07-30	d1f01acb10bb3de97917f294d4a52b6b	0	300	5	20
Sikkema_lung	cluster_2	in_house	epithelial cell	epithelialcell	CL:0000066	7	NA	lung	human	health_and_disease_reference_atlas	CL:0000066	epithelial cell	NA	NA	NA	NA	mapped	deterministic	CL:0000066	epithelial cell	provided_valid_clid	exact	NA	deterministic	CL:0000066	epithelial cell	TRUE	TRUE	TRUE	single_cl_id	NA	NA	NA	NA	NA	NA	NA	NA	NA	NA	NA	NA	FALSE	NA	NA	NA	NA	NA	NA	07_our_summary/summary.csv	20260803_165920	deepseek-v4-flash	v1.0.0	v1.0.0	2025-07-30	d1f01acb10bb3de97917f294d4a52b6b	0	300	5	20
Sikkema_lung	cluster_3	in_house	endothelial cell	endothelialcell	CL:0000115	0	NA	lung	human	health_and_disease_reference_atlas	CL:0000115	endothelial cell	NA	NA	NA	NA	mapped	deterministic	CL:0000115	endothelial cell	provided_valid_clid	exact	NA	deterministic	CL:0000115	endothelial cell	TRUE	TRUE	TRUE	single_cl_id	NA	NA	NA	NA	NA	NA	NA	NA	NA	NA	NA	NA	FALSE	NA	NA	NA	NA	NA	NA	07_our_summary/summary.csv	20260803_165920	deepseek-v4-flash	v1.0.0	v1.0.0	2025-07-30	d1f01acb10bb3de97917f294d4a52b6b	0	300	5	20
Sikkema_lung	cluster_4	in_house	epithelial cell	epithelialcell	CL:0000066	7	NA	lung	human	health_and_disease_reference_atlas	CL:0000066	epithelial cell	NA	NA	NA	NA	mapped	deterministic	CL:0000066	epithelial cell	provided_valid_clid	exact	NA	deterministic	CL:0000066	epithelial cell	TRUE	TRUE	TRUE	single_cl_id	NA	NA	NA	NA	NA	NA	NA	NA	NA	NA	NA	NA	FALSE	NA	NA	NA	NA	NA	NA	07_our_summary/summary.csv	20260803_165920	deepseek-v4-flash	v1.0.0	v1.0.0	2025-07-30	d1f01acb10bb3de97917f294d4a52b6b	0	300	5	20
Sikkema_lung	cluster_5	in_house	mesenchymal cell	mesenchymalcell	CL:0008019	0	NA	lung	human	health_and_disease_reference_atlas	CL:0008019	mesenchymal cell	NA	NA	NA	NA	mapped	deterministic	CL:0008019	mesenchymal cell	provided_valid_clid	exact	NA	deterministic	CL:0008019	mesenchymal cell	TRUE	TRUE	TRUE	single_cl_id	NA	NA	NA	NA	NA	NA	NA	NA	NA	NA	NA	NA	FALSE	NA	NA	NA	NA	NA	NA	07_our_summary/summary.csv	20260803_165920	deepseek-v4-flash	v1.0.0	v1.0.0	2025-07-30	d1f01acb10bb3de97917f294d4a52b6b	0	300	5	20
Sikkema_lung	cluster_6	in_house	macrophage	macrophage	CL:0000235	0	NA	lung	human	health_and_disease_reference_atlas	CL:0000235	macrophage	NA	NA	NA	NA	mapped	deterministic	CL:0000235	macrophage	provided_valid_clid	exact	NA	deterministic	CL:0000235	macrophage	TRUE	TRUE	TRUE	single_cl_id	NA	NA	NA	NA	NA	NA	NA	NA	NA	NA	NA	NA	FALSE	NA	NA	NA	NA	NA	NA	07_our_summary/summary.csv	20260803_165920	deepseek-v4-flash	v1.0.0	v1.0.0	2025-07-30	d1f01acb10bb3de97917f294d4a52b6b	0	300	5	20
Sikkema_lung	cluster_7	in_house	activated mature B cell	activatedmaturebcell	CL:0000236	5	NA	lung	human	health_and_disease_reference_atlas	CL:0000236	B cell	NA	NA	NA	NA	mapped	deterministic	CL:0000236	B cell	provided_valid_clid	exact	NA	deterministic	CL:0000236	B cell	TRUE	TRUE	TRUE	single_cl_id	NA	NA	NA	NA	NA	NA	NA	NA	NA	NA	NA	NA	FALSE	NA	NA	NA	NA	NA	NA	07_our_summary/summary.csv	20260803_165920	deepseek-v4-flash	v1.0.0	v1.0.0	2025-07-30	d1f01acb10bb3de97917f294d4a52b6b	0	300	5	20
Sikkema_lung	cluster_8	in_house	monocyte	monocyte	CL:0000576	0	NA	lung	human	health_and_disease_reference_atlas	CL:0000576	monocyte	NA	NA	NA	NA	mapped	deterministic	CL:0000576	monocyte	provided_valid_clid	exact	NA	deterministic	CL:0000576	monocyte	TRUE	TRUE	TRUE	single_cl_id	NA	NA	NA	NA	NA	NA	NA	NA	NA	NA	NA	NA	FALSE	NA	NA	NA	NA	NA	NA	07_our_summary/summary.csv	20260803_165920	deepseek-v4-flash	v1.0.0	v1.0.0	2025-07-30	d1f01acb10bb3de97917f294d4a52b6b	0	300	5	20
Sikkema_lung	cluster_9	in_house	T cell	tcell	CL:0000084	0	NA	lung	human	health_and_disease_reference_atlas	CL:0000084	T cell	NA	NA	NA	NA	mapped	deterministic	CL:0000084	T cell	provided_valid_clid	exact	NA	deterministic	CL:0000084	T cell	TRUE	TRUE	TRUE	single_cl_id	NA	NA	NA	NA	NA	NA	NA	NA	NA	NA	NA	NA	FALSE	NA	NA	NA	NA	NA	NA	07_our_summary/summary.csv	20260803_165920	deepseek-v4-flash	v1.0.0	v1.0.0	2025-07-30	d1f01acb10bb3de97917f294d4a52b6b	0	300	5	20
Sikkema_lung	cluster_1	enrichment	Cytotoxic T lymphocyte (CTL), possibly activated/exhausted CD8+ T cell	cytotoxictlymphocytectlpossiblyactivatedexhaustedcd8positiveitivetcell	NA	NA	TBC1D16|TTF2|GOLGA6L22|S100A1|RUSC2|SLC25A27|TRAV3|SLC2A1-DT|LIX1L|TRBV28|GALNT9|CLEC2D|KLRB1|ACAP1|ZRANB3|ARHGAP15|TRAF3IP3|IQUB|CNP|RGS1	lung	human	health_and_disease_reference_atlas	CL:0000910|CL:0000939|CL:0000904|CL:0000907|CL:0002295	cytotoxic T cell|CD16-positive, CD56-dim natural killer cell, human|central memory CD4-positive, alpha-beta T cell|central memory CD8-positive, alpha-beta T cell|type-6 epithelial cell of thymus	0.857|0.821|0.736|0.736|0.732	NA	NA	NA	review	specificity_mismatch	NA	NA	evidence_llm_abstain	exact	NA	A spec=exact; B spec=broadened	CL:0000910	cytotoxic T cell	FALSE	TRUE	FALSE	candidate_set	mapped	1	CL:0000910	exact	high	mapped	5	CL:0000910	broadened	high	TRUE	FALSE	FALSE	NA	NA	NA	7adb914c4980beb616db803ba61627057b8d7d01d47cb802aff14529a973df7d	459e9cd387c488970a1a7cf2ee425569f7dada9638be95d239d4c70b01a44cd6	NA	07b_inter_summary/summary.csv	20260803_165920	deepseek-v4-flash	v1.0.0	v1.0.0	2025-07-30	d1f01acb10bb3de97917f294d4a52b6b	0	300	5	20
Sikkema_lung	cluster_10	enrichment	pulmonary alveolar type 2 cell	pulmonaryalveolartype2cell	CL:0002063	NA	NA	lung	human	health_and_disease_reference_atlas	CL:0002063	pulmonary alveolar type 2 cell	NA	NA	NA	NA	mapped	deterministic	CL:0002063	pulmonary alveolar type 2 cell	provided_valid_clid	exact	NA	deterministic	CL:0002063	pulmonary alveolar type 2 cell	TRUE	TRUE	TRUE	single_cl_id	NA	NA	NA	NA	NA	NA	NA	NA	NA	NA	NA	NA	FALSE	NA	NA	NA	NA	NA	NA	07b_inter_summary/summary.csv	20260803_165920	deepseek-v4-flash	v1.0.0	v1.0.0	2025-07-30	d1f01acb10bb3de97917f294d4a52b6b	0	300	5	20
Sikkema_lung	cluster_11	enrichment	Unknown/Ambiguous - likely epithelial with possible myeloid contamination	unknownambiguouslikelyepithelialwithpossiblemyeloidcontamination	NA	NA	ZNF75A|TH|C5AR2|CEP250|UAP1L1|PDE4DIPP4|CEACAM5|ZNF334|PSMC2|ATCAY|FAM209A|GOLGA6B|GSTK1|ALG12|LYSMD2|ABLIM2|TCP11|WFDC2|ANPEP|LRSAM1	lung	human	health_and_disease_reference_atlas	CL:0009012|CL:0002298|CL:0002330|CL:0000035|CL:0002209	transit amplifying cell of small intestine|type-5 epithelial cell of thymus|undifferentiated cell of bronchus epithelium|single fate stem cell|intermediate epitheliocyte	0.71|0.702|0.699|0.693|0.692	NA	NA	NA	mixed_signal	ab_consistent_mixed_signal	NA	NA	evidence_llm_abstain	potentially_over_specific	NA	Mapper A/B consistently returned mixed_signal	CL:0002330	undifferentiated cell of bronchus epithelium	FALSE	TRUE	FALSE	candidate_set	mixed_signal	3	CL:0002330	potentially_over_specific	low	mixed_signal	1	CL:0002209	broadened	low	FALSE	FALSE	FALSE	NA	NA	NA	1d1dba34225a9e2d58eacb7e89771877f05b1fd8e0176f26ab6420e96c6b47ba	6dcc6e15ed9fdc19cad7af8526fd86515aa4ab8568f77c06ec0965a053df4f02	NA	07b_inter_summary/summary.csv	20260803_165920	deepseek-v4-flash	v1.0.0	v1.0.0	2025-07-30	d1f01acb10bb3de97917f294d4a52b6b	0	300	5	20
Sikkema_lung	cluster_2	enrichment	Basal epithelial cell (airway) with potential squamous differentiation	basalepithelialcellairwaywithpotentialsquamousdifferentiation	NA	NA	ZNF562|GSAP|LURAP1|TP63|EMC4|ZNF700|CCDC74A|PDCD1LG2|PKP1|DSC1|TNC|PTPRZ1|FGFBP2|KRTAP19-8|CRYL1|TNFAIP8|TOP2A|FAT2|ZNF552|TVP23A	lung	human	health_and_disease_reference_atlas	CL:0002234|CL:0002236|CL:0002329|CL:0002638|CL:0002160	basal cell of prostatic acinus|basal epithelial cell of prostatic duct|basal epithelial cell of tracheobronchial tree|bronchioalveolar stem cell|basal external epithelial cell of tympanic membrane	0.859|0.856|0.852|0.852|0.827	NA	NA	NA	mapped_evidence	accept_after_verifier	CL:0002329	basal epithelial cell of tracheobronchial tree	evidence_llm	exact	high	A/B consistent; spec=exact	CL:0002329	basal epithelial cell of tracheobronchial tree	TRUE	TRUE	TRUE	single_cl_id	mapped	3	CL:0002329	exact	high	mapped	3	CL:0002329	exact	high	TRUE	TRUE	TRUE	accept	NA	accept	8e4ef21ca0231d30cfb44f2cf37a2a515cc57bc7982531e7c230d68cf5589db2	83c1d48b5495a47bdafed2fdb95d79d496aa6e028ac1566ee11bca3a25635d32	97b349c56625419ce5b364ec728b08d769dd42fc6104a003fcaa4d5311c2f1eb	07b_inter_summary/summary.csv	20260803_165920	deepseek-v4-flash	v1.0.0	v1.0.0	2025-07-30	d1f01acb10bb3de97917f294d4a52b6b	0	300	5	20
Sikkema_lung	cluster_3	enrichment	Pulmonary vascular endothelial cell (likely capillary endothelial subtype)	pulmonaryvascularendothelialcelllikelycapillaryendothelialsubtype	NA	NA	SMG8|CCL3|GPN2|NIPSNAP1|SLC9B1|LRRC3B|SYNE3|ANAPC16|SPATA42|MRM2|TIE1|ROBO3|LRRIQ3|RCL1|CCDC186|ATP5PF|SLC6A4|AOC2|DYRK2|DYNLT2B	lung	human	health_and_disease_reference_atlas	CL:4028001|CL:0000322|CL:1001568|CL:0002062|CL:0002241	pulmonary capillary endothelial cell|pulmonary alveolar epithelial cell|pulmonary artery endothelial cell|pulmonary alveolar type 1 cell|pulmonary interstitial fibroblast	0.832|0.831|0.826|0.818|0.811	NA	NA	NA	review	verifier_review	NA	NA	evidence_llm_abstain	exact	medium	A/B consistent; spec=exact | verifier: Label indicates 'pulmonary vascular endothelial cell' with 'likely capillary subtype' but the proposed mapping is to a specific capillary subtype without definitive capillary-specific markers; TIE1 and ROBO3 support endothelial identity but not capillary specificity. Also, candidate 5 is listed as 'pulmonary interstitial fibroblast' in the candidate list, not capillary endothelial, causing confusion.	CL:4028001	pulmonary capillary endothelial cell	FALSE	TRUE	FALSE	candidate_set	mapped	1	CL:4028001	exact	medium	mapped	5	CL:4028001	exact	high	TRUE	TRUE	TRUE	review	Label indicates 'pulmonary vascular endothelial cell' with 'likely capillary subtype' but the proposed mapping is to a specific capillary subtype without definitive capillary-specific markers; TIE1 and ROBO3 support endothelial identity but not capillary specificity. Also, candidate 5 is listed as 'pulmonary interstitial fibroblast' in the candidate list, not capillary endothelial, causing confusion.	user_review	de727dad923b231a53f82cb19a9927ea06e903692efb75e97eed7a5c952f755e	f06e7811c198f9552e6e9a0ca0cee23d6036464176135c11ec0209252e10969e	fb1705b6a4128e622e386e19595768cb3dbc767ee13992e38bb023e228f197fd	07b_inter_summary/summary.csv	20260803_165920	deepseek-v4-flash	v1.0.0	v1.0.0	2025-07-30	d1f01acb10bb3de97917f294d4a52b6b	0	300	5	20
Sikkema_lung	cluster_4	enrichment	Unknown/Ambiguous - likely microvascular endothelial or epithelial progenitor-like with metabolic stress	unknownambiguouslikelymicrovascularendothelialorepithelialprogenitorlikewithmetabolicstress	NA	NA	SLC19A1|TP53I11|COL4A1|BTG2-DT|PDE10A|NYX|YIF1A|GSTA1|PLAGL1|DEPTOR|HSP90B1|TMPRSS7|EFCAB6|TLCD4|ACE|DCAF10|NHLRC4|HNF4G|DNAAF6|ZNF154	lung	human	health_and_disease_reference_atlas	CL:0002209|CL:1000381|CL:1000385|CL:1001106|CL:0002345	intermediate epitheliocyte|type 1 vestibular sensory cell of epithelium of crista of ampulla of semicircular duct of membranous labyrinth|type 2 vestibular sensory cell of epithelium of crista of ampulla of semicircular duct of membranous labyrinth|kidney loop of Henle thick ascending limb epithelial cell|CD27-low, CD11b-low immature natural killer cell, mouse	0.723|0.716|0.716|0.715|0.706	NA	NA	NA	ambiguous	ab_consistent_ambiguous	NA	NA	evidence_llm_abstain	exact	NA	Mapper A/B consistently returned ambiguous	CL:0002209	intermediate epitheliocyte	FALSE	TRUE	FALSE	candidate_set	ambiguous	1	CL:0002209	exact	low	ambiguous	NA	NA	exact	low	FALSE	TRUE	FALSE	NA	NA	NA	21e2a7d3126e2edcea54ec2201307ea6a6115299d52d42519b3b943d0950f2a3	1a77c3be33c2efd0af509d5a407134d842a1757aae4cf4dda9edee7240648c4a	NA	07b_inter_summary/summary.csv	20260803_165920	deepseek-v4-flash	v1.0.0	v1.0.0	2025-07-30	d1f01acb10bb3de97917f294d4a52b6b	0	300	5	20
Sikkema_lung	cluster_5	enrichment	fibroblast	fibroblast	CL:0000057	NA	NA	lung	human	health_and_disease_reference_atlas	CL:0000057	fibroblast	NA	NA	NA	NA	mapped	deterministic	CL:0000057	fibroblast	provided_valid_clid	exact	NA	deterministic	CL:0000057	fibroblast	TRUE	TRUE	TRUE	single_cl_id	NA	NA	NA	NA	NA	NA	NA	NA	NA	NA	NA	NA	FALSE	NA	NA	NA	NA	NA	NA	07b_inter_summary/summary.csv	20260803_165920	deepseek-v4-flash	v1.0.0	v1.0.0	2025-07-30	d1f01acb10bb3de97917f294d4a52b6b	0	300	5	20
Sikkema_lung	cluster_6	enrichment	alveolar macrophage	alveolarmacrophage	CL:0000583	NA	NA	lung	human	health_and_disease_reference_atlas	CL:0000583	alveolar macrophage	NA	NA	NA	NA	mapped	deterministic	CL:0000583	alveolar macrophage	provided_valid_clid	exact	NA	deterministic	CL:0000583	alveolar macrophage	TRUE	TRUE	TRUE	single_cl_id	NA	NA	NA	NA	NA	NA	NA	NA	NA	NA	NA	NA	FALSE	NA	NA	NA	NA	NA	NA	07b_inter_summary/summary.csv	20260803_165920	deepseek-v4-flash	v1.0.0	v1.0.0	2025-07-30	d1f01acb10bb3de97917f294d4a52b6b	0	300	5	20
Sikkema_lung	cluster_7	enrichment	Medullary thymic epithelial cell / Not a typical lung immune cell; B-cell-like transcriptional signature with epithelial stress and viral response	medullarythymicepithelialcellnotatypicallungimmunecellbcellliketranscriptionalsignaturewithepithelialstressandviralresponse	NA	NA	PDZD8|PAIP1|B3GAT3|GYG1|KANK2|IPPK|CD79A|IGKV5-2|PDLIM5|HYDIN|ARID3B|VWA5A|CD69|KLHL30|RGS1|RPE65|SLC19A3|BIRC3|SLC2A1-DT|MDN1	lung	human	health_and_disease_reference_atlas	CL:0009071|CL:0009072|CL:0009073|CL:0009074|CL:0002365	medullary thymic epithelial cell type 1|medullary thymic epithelial cell type 2|medullary thymic epithelial cell type 3|medullary thymic epithelial cell type 4|medullary thymic epithelial cell	0.848|0.848|0.848|0.848|0.847	NA	NA	NA	review	status_mismatch_mixed_signal_ambiguous	NA	NA	evidence_llm_abstain	exact	NA	status_mismatch_mixed_signal_ambiguous	CL:0002365	medullary thymic epithelial cell	FALSE	TRUE	FALSE	candidate_set	mixed_signal	5	CL:0002365	exact	low	ambiguous	NA	NA	exact	low	FALSE	TRUE	FALSE	NA	NA	NA	f84b400cd35bd54388253615217e66cb55ecd191eca75c364dc6d6907f7ef35d	8e27fb64f956889b6fb5ec7f5a4492c22fbbf34dcf0a358b87eb491ef65e5de1	NA	07b_inter_summary/summary.csv	20260803_165920	deepseek-v4-flash	v1.0.0	v1.0.0	2025-07-30	d1f01acb10bb3de97917f294d4a52b6b	0	300	5	20
Sikkema_lung	cluster_8	enrichment	Monocyte-derived macrophage	monocytederivedmacrophage	NA	NA	TGFA|FCN1|ELSPBP1|CCDC30|CMC1|ZNF496|AAR2|ELK1|PLGLB2|SERPINB2|KCNJ2|STYXL1|SIN3B|STAB1|VCAN|PRKAG3|LILRB1|CNR2|MS4A6A|TPM3	lung	human	health_and_disease_reference_atlas	CL:4072015|CL:0000576|CL:0011031|CL:0000113|CL:1000698	monocyte-derived Kupffer cell|monocyte|monocyte-derived dendritic cell|mononuclear phagocyte|kidney resident macrophage	0.877|0.864|0.861|0.817|0.811	NA	NA	NA	review	verifier_review	NA	NA	evidence_llm_abstain	broadened	medium	A/B consistent; spec=broadened | verifier: Label indicates monocyte-derived macrophage, but proposed mapping to monocyte ignores the macrophage identity; markers like STAB1, MS4A6A, and VCAN support macrophage, not monocyte. No exact macrophage candidate is present, so broader term mononuclear phagocyte may be more appropriate.	CL:0000576	monocyte	FALSE	TRUE	FALSE	candidate_set	mapped	2	CL:0000576	broadened	medium	mapped	4	CL:0000576	broadened	medium	TRUE	TRUE	TRUE	review	Label indicates monocyte-derived macrophage, but proposed mapping to monocyte ignores the macrophage identity; markers like STAB1, MS4A6A, and VCAN support macrophage, not monocyte. No exact macrophage candidate is present, so broader term mononuclear phagocyte may be more appropriate.	select_broader	17b9bb68346664e1b7cda87dfcb89b9f2840394bd09884dbd4677b8953dbb76a	a1b1dc8763a93e310843865ae389abb810f630a05deb9ea7c465c55e14b2cdf9	d995cabc5bcd94a25c1693e392e6e0016b398a9687f93a8132bf482fadfe6be2	07b_inter_summary/summary.csv	20260803_165920	deepseek-v4-flash	v1.0.0	v1.0.0	2025-07-30	d1f01acb10bb3de97917f294d4a52b6b	0	300	5	20
Sikkema_lung	cluster_9	enrichment	CD16-positive, CD56-dim natural killer cell, human	cd16positiveitivepositivecd56positiveitivedimnaturalkillercellhuman	CL:0000939	NA	NA	lung	human	health_and_disease_reference_atlas	CL:0000939	CD16-positive, CD56-dim natural killer cell, human	NA	NA	NA	NA	mapped	deterministic	CL:0000939	CD16-positive, CD56-dim natural killer cell, human	provided_valid_clid	exact	NA	deterministic	CL:0000939	CD16-positive, CD56-dim natural killer cell, human	TRUE	TRUE	TRUE	single_cl_id	NA	NA	NA	NA	NA	NA	NA	NA	NA	NA	NA	NA	FALSE	NA	NA	NA	NA	NA	NA	07b_inter_summary/summary.csv	20260803_165920	deepseek-v4-flash	v1.0.0	v1.0.0	2025-07-30	d1f01acb10bb3de97917f294d4a52b6b	0	300	5	20
TS_kidney	cluster_1	cassia	B lymphocyte / B cell	blymphocytebcell	NA	NA	IGKC|CD79A|MS4A1|TNFRSF13C|P2RX5|CD79B|CD27|CD22|POU2AF1|AIM2|CD52|BLK|TRBC2|TRAC|CXCR4|STAP1|BANK1|PAX5|LTB|FCRL1	kidney	human	normal_adult	CL:0000236|CL:0000542|CL:0017006|CL:0000819|CL:0000822	B cell|lymphocyte|B-lymphoblast|B-1 B cell|B-2 B cell	0.938|0.875|0.862|0.86|0.86	NA	NA	NA	mapped_evidence	accept_after_verifier	CL:0000236	B cell	evidence_llm	exact	high	A/B consistent; spec=exact	CL:0000236	B cell	TRUE	TRUE	TRUE	single_cl_id	mapped	1	CL:0000236	exact	high	mapped	5	CL:0000236	exact	high	TRUE	TRUE	TRUE	accept	NA	accept	64f104e77055a676123c650c1298de536bbfb467ce91a08dff6b6db329befc1a	8dff1471e5620ef00fb6777b710d4b9889b8efc4d4a0b81e9722687173929c64	740f65ab9bf0df6ba940eb60820323a03603687267941b4dc9ecc4a9d9eec20f	03b_cassia/CASSIA_kidney_human_20260803_170442/01_annotation_results/annotation_cassia_FINAL_RESULTS.csv	20260803_165936	deepseek-v4-flash	v1.0.0	v1.0.0	2025-07-30	d1f01acb10bb3de97917f294d4a52b6b	0	300	5	20
TS_kidney	cluster_2	cassia	T cell (T lymphocyte)	tcelltlymphocyte	NA	NA	ST8SIA6|DTHD1|LOC101927369|TXK|SKAP1-AS2|SLFN12L|MYBL1|PZP|APBA2|AOAH|THEMIS|STAT4|PRKCQ|CD247|SKAP1|PRKCH|OPRM1|SAMD3|PARP8|CAMK4	kidney	human	normal_adult	CL:0000917|CL:0000918|CL:0002128|CL:0000084|CL:0000545	Tc1 cell|Tc2 cell|Tc17 cell|T cell|T-helper 1 cell	0.91|0.91|0.894|0.862|0.857	NA	NA	NA	mapped_evidence	accept_after_verifier	CL:0000084	T cell	evidence_llm	exact	high	A/B consistent; spec=exact	CL:0000084	T cell	TRUE	TRUE	TRUE	single_cl_id	mapped	4	CL:0000084	exact	high	mapped	2	CL:0000084	exact	high	TRUE	TRUE	TRUE	accept	NA	accept	ccbcba0c789f27d6984528c7bac1fe39f35d757203a92e75113c24459bdf46ef	35fd3dedd4b0641ed6572bbf1cd7ae011c4a20513b66a5a92170127987ff42ee	53096e430a2bb3041da3e5f7dddb701a7e28d20303de30fd4fb297e62e7395be	03b_cassia/CASSIA_kidney_human_20260803_170442/01_annotation_results/annotation_cassia_FINAL_RESULTS.csv	20260803_165936	deepseek-v4-flash	v1.0.0	v1.0.0	2025-07-30	d1f01acb10bb3de97917f294d4a52b6b	0	300	5	20
TS_kidney	cluster_3	cassia	Proximal tubular epithelial cell (PT / PTEC)	proximaltubularepithelialcellptptec	NA	NA	AKR1C1|HOGA1|PRKAA2|MAOB|SLC16A12|PAX8|CHDH|USH1C|PHYHIPL|SMIM32|GPD1|NFIB|BICC1|KRT8|TINAG|ALDOB|NOX4|PDZK1IP1|MT1G|TMEM176A	kidney	human	normal_adult	CL:1000452|CL:0000083|CL:1000090|CL:0002231|CL:4033071	parietal epithelial cell|epithelial cell of pancreas|pronephric nephron tubule epithelial cell|epithelial cell of prostate|cycling natural killer cell	0.841|0.809|0.797|0.791|0.784	NA	NA	NA	review	status_mismatch_ambiguous_unmapped	NA	NA	evidence_llm_abstain	exact	NA	status_mismatch_ambiguous_unmapped	NA	NA	FALSE	TRUE	FALSE	candidate_set	ambiguous	NA	NA	exact	low	unmapped	NA	NA	exact	low	FALSE	TRUE	FALSE	NA	NA	NA	e140f85e9bea0055deaf754f43c5d01a9126b7e364bd7d153f34beddf4654dfe	b8c2b343022a0cdb9374dcf383e8542dd0394f04f94ccab33fb4c25c0f86599d	NA	03b_cassia/CASSIA_kidney_human_20260803_170442/01_annotation_results/annotation_cassia_FINAL_RESULTS.csv	20260803_165936	deepseek-v4-flash	v1.0.0	v1.0.0	2025-07-30	d1f01acb10bb3de97917f294d4a52b6b	0	300	5	20
TS_kidney	cluster_4	cassia	Myeloid lineage: mononuclear phagocyte — monocyte/macrophage	myeloidlineagemononuclearphagocytemonocytemacrophage	NA	92	RNASE2|LYZ|AIF1|C1QA|CSTA|TLR8|C1QC|C1QB|S100A9|MS4A7|S100A12|MAFB|OLR1|S100A8|FCN1|LST1|LILRA5|P2RY13|FCGR1A|MS4A6A	kidney	human	normal_adult	CL:0000839|CL:0000763|CL:0000766|CL:4301613|CL:4072002	myeloid lineage restricted progenitor cell|myeloid cell|myeloid leukocyte|myelin-forming oligodendrocyte (Mmus)|myelin-forming oligodendrocyte	0.827|0.824|0.812|0.808|0.807	NA	NA	NA	parent_only	ab_parent_child	CL:0000763	myeloid cell	evidence_llm	broadened	NA	A_ancestor_of_B	CL:0000763	myeloid cell	TRUE	TRUE	TRUE	single_cl_id	mapped	2	CL:0000763	broadened	medium	mapped	3	CL:0000766	broadened	medium	FALSE	TRUE	FALSE	NA	NA	NA	be279e33e83f8b27259e0a4524b9fd4c1605ea9f83dd2c95ce41234415958be1	7ffeca3331f54153237c1efe02c7cdf8fe98c51cd6dd4f104fc286619a517543	NA	03b_cassia/CASSIA_kidney_human_20260803_170442/01_annotation_results/annotation_cassia_FINAL_RESULTS.csv	20260803_165936	deepseek-v4-flash	v1.0.0	v1.0.0	2025-07-30	d1f01acb10bb3de97917f294d4a52b6b	0	300	5	20
TS_kidney	cluster_1	in_house	B cell	bcell	CL:0000236	0	NA	kidney	human	normal_adult	CL:0000236	B cell	NA	NA	NA	NA	mapped	deterministic	CL:0000236	B cell	provided_valid_clid	exact	NA	deterministic	CL:0000236	B cell	TRUE	TRUE	TRUE	single_cl_id	NA	NA	NA	NA	NA	NA	NA	NA	NA	NA	NA	NA	FALSE	NA	NA	NA	NA	NA	NA	07_our_summary/summary.csv	20260803_165936	deepseek-v4-flash	v1.0.0	v1.0.0	2025-07-30	d1f01acb10bb3de97917f294d4a52b6b	0	300	5	20
TS_kidney	cluster_2	in_house	T cell	tcell	CL:0000084	0	NA	kidney	human	normal_adult	CL:0000084	T cell	NA	NA	NA	NA	mapped	deterministic	CL:0000084	T cell	provided_valid_clid	exact	NA	deterministic	CL:0000084	T cell	TRUE	TRUE	TRUE	single_cl_id	NA	NA	NA	NA	NA	NA	NA	NA	NA	NA	NA	NA	FALSE	NA	NA	NA	NA	NA	NA	07_our_summary/summary.csv	20260803_165936	deepseek-v4-flash	v1.0.0	v1.0.0	2025-07-30	d1f01acb10bb3de97917f294d4a52b6b	0	300	5	20
TS_kidney	cluster_3	in_house	epithelial cell	epithelialcell	CL:0000066	0	NA	kidney	human	normal_adult	CL:0000066	epithelial cell	NA	NA	NA	NA	mapped	deterministic	CL:0000066	epithelial cell	provided_valid_clid	exact	NA	deterministic	CL:0000066	epithelial cell	TRUE	TRUE	TRUE	single_cl_id	NA	NA	NA	NA	NA	NA	NA	NA	NA	NA	NA	NA	FALSE	NA	NA	NA	NA	NA	NA	07_our_summary/summary.csv	20260803_165936	deepseek-v4-flash	v1.0.0	v1.0.0	2025-07-30	d1f01acb10bb3de97917f294d4a52b6b	0	300	5	20
TS_kidney	cluster_4	in_house	myeloid cell	myeloidcell	CL:0000763	0	NA	kidney	human	normal_adult	CL:0000763	myeloid cell	NA	NA	NA	NA	mapped	deterministic	CL:0000763	myeloid cell	provided_valid_clid	exact	NA	deterministic	CL:0000763	myeloid cell	TRUE	TRUE	TRUE	single_cl_id	NA	NA	NA	NA	NA	NA	NA	NA	NA	NA	NA	NA	FALSE	NA	NA	NA	NA	NA	NA	07_our_summary/summary.csv	20260803_165936	deepseek-v4-flash	v1.0.0	v1.0.0	2025-07-30	d1f01acb10bb3de97917f294d4a52b6b	0	300	5	20
TS_kidney	cluster_1	enrichment	B cell	bcell	CL:0000236	NA	NA	kidney	human	normal_adult	CL:0000236	B cell	NA	NA	NA	NA	mapped	deterministic	CL:0000236	B cell	provided_valid_clid	exact	NA	deterministic	CL:0000236	B cell	TRUE	TRUE	TRUE	single_cl_id	NA	NA	NA	NA	NA	NA	NA	NA	NA	NA	NA	NA	FALSE	NA	NA	NA	NA	NA	NA	07b_inter_summary/summary.csv	20260803_165936	deepseek-v4-flash	v1.0.0	v1.0.0	2025-07-30	d1f01acb10bb3de97917f294d4a52b6b	0	300	5	20
TS_kidney	cluster_2	enrichment	T cell	tcell	CL:0000084	NA	NA	kidney	human	normal_adult	CL:0000084	T cell	NA	NA	NA	NA	mapped	deterministic	CL:0000084	T cell	provided_valid_clid	exact	NA	deterministic	CL:0000084	T cell	TRUE	TRUE	TRUE	single_cl_id	NA	NA	NA	NA	NA	NA	NA	NA	NA	NA	NA	NA	FALSE	NA	NA	NA	NA	NA	NA	07b_inter_summary/summary.csv	20260803_165936	deepseek-v4-flash	v1.0.0	v1.0.0	2025-07-30	d1f01acb10bb3de97917f294d4a52b6b	0	300	5	20
TS_kidney	cluster_3	enrichment	Proximal Tubule Epithelial Cell (PTEC), likely S3 segment	proximaltubuleepithelialcellpteclikelys3segment	NA	NA	AKR1C1|HOGA1|PRKAA2|MAOB|SLC16A12|PAX8|CHDH|USH1C|PHYHIPL|SMIM32|GPD1|NFIB|BICC1|KRT8|TINAG|ALDOB|NOX4|PDZK1IP1|MT1G|TMEM176A	kidney	human	normal_adult	CL:4033079|CL:4030008|CL:0002231|CL:1000090|CL:4030011	cycling endothelial cell of lymphatic vessel|pronephric podocyte|epithelial cell of prostate|pronephric nephron tubule epithelial cell|epithelial cell of proximal tubule segment 3	0.776|0.773|0.766|0.761|0.756	NA	NA	NA	mapped_evidence	accept_after_verifier	CL:4030011	epithelial cell of proximal tubule segment 3	evidence_llm	exact	high	A/B consistent; spec=exact	CL:4030011	epithelial cell of proximal tubule segment 3	TRUE	TRUE	TRUE	single_cl_id	mapped	5	CL:4030011	exact	high	mapped	1	CL:4030011	exact	high	TRUE	TRUE	TRUE	accept	NA	accept	1e98e85e37f4831513901e624f30268c1f75edb01408733d8d0222398ab6917a	2d6f5f5cbdfee19cd4b871d387ff48a012ce1c9f3d5c6dd76d47ec70bf4bc63f	9889ea2c725b8d85b9cf4b92b30abddbcaaeadf3e3eed03e10aeb66ab4a923d6	07b_inter_summary/summary.csv	20260803_165936	deepseek-v4-flash	v1.0.0	v1.0.0	2025-07-30	d1f01acb10bb3de97917f294d4a52b6b	0	300	5	20
TS_kidney	cluster_4	enrichment	CD14-positive, CD16-negative classical monocyte	cd14positiveitivepositivecd16positiveitivenegativeclassicalmonocyte	CL:0002057	NA	NA	kidney	human	normal_adult	CL:0002057	CD14-positive, CD16-negative classical monocyte	NA	NA	NA	NA	mapped	deterministic	CL:0002057	CD14-positive, CD16-negative classical monocyte	provided_valid_clid	exact	NA	deterministic	CL:0002057	CD14-positive, CD16-negative classical monocyte	TRUE	TRUE	TRUE	single_cl_id	NA	NA	NA	NA	NA	NA	NA	NA	NA	NA	NA	NA	FALSE	NA	NA	NA	NA	NA	NA	07b_inter_summary/summary.csv	20260803_165936	deepseek-v4-flash	v1.0.0	v1.0.0	2025-07-30	d1f01acb10bb3de97917f294d4a52b6b	0	300	5	20
TS_pancreas	cluster_1	cassia	B lymphocytes / B cells	blymphocytebcell	NA	88	TCL1A|SGO2|IGHM|CD79A|HSD17B7|SPAG16-DT|OR3A3|SDF2L1|MED28P2|AVPR1B-DT|IGHJ6|IGKV1OR-2|AMMECR1-IT1|ERICH5|POU2AF1|METTL25B|DCAF8|ANKRD17|UGT1A9|KRT4	pancreas	human	normal_adult	CL:0000236|CL:0000542|CL:0017006|CL:0000819|CL:0000822	B cell|lymphocyte|B-lymphoblast|B-1 B cell|B-2 B cell	0.938|0.875|0.862|0.86|0.86	NA	NA	NA	mapped_evidence	accept_after_verifier	CL:0000236	B cell	evidence_llm	exact	high	A/B consistent; spec=exact	CL:0000236	B cell	TRUE	TRUE	TRUE	single_cl_id	mapped	1	CL:0000236	exact	high	mapped	5	CL:0000236	exact	high	TRUE	TRUE	TRUE	accept	NA	accept	3c3b4282cdc964494b3e3af7f317c1d2b329b1cc080a1f2db942ac2c749c8a69	6199b258a51fa0c87020b3c59bc452ca050914f8e8f40f443a3d074eacbce5bf	be9b052a1dfb5edbf1d44951977ff745f3a55847b0cd4528da454081f4794e0e	03b_cassia/CASSIA_pancreas_human_20260803_170442/01_annotation_results/annotation_cassia_FINAL_RESULTS.csv	20260803_165951	deepseek-v4-flash	v1.0.0	v1.0.0	2025-07-30	d1f01acb10bb3de97917f294d4a52b6b	0	300	5	20
TS_pancreas	cluster_10	cassia	Pancreatic endocrine / islet endocrine lineage cell (immature endocrine cell with strong beta-cell commitment)	pancreaticendocrineisletendocrinelineagecellimmatureendocrinecellwithstrongbetacellcommitment	NA	NA	DTX3|TRIM55|B4GALT6|KCNJ8|CHGA|IHH|ATRAID|SCG3|ARX|ROBO2|ATPAF2|PCSK1N|SMPD4|MEP1B|CFAP53P1|RNF26|RBMX|DAB1|GFRA4|GZMA	pancreas	human	normal_adult	CL:0008024|CL:0005019|CL:0002351|CL:0000171|CL:0000173	pancreatic endocrine cell|pancreatic epsilon cell|progenitor cell of endocrine pancreas|pancreatic A cell|pancreatic D cell	0.841|0.832|0.821|0.812|0.812	NA	NA	NA	ambiguous	ab_consistent_ambiguous	NA	NA	evidence_llm_abstain	potentially_over_specific	NA	Mapper A/B consistently returned ambiguous	NA	NA	FALSE	TRUE	FALSE	candidate_set	ambiguous	NA	NA	potentially_over_specific	low	ambiguous	NA	NA	potentially_over_specific	low	FALSE	TRUE	FALSE	NA	NA	NA	ad16ca9144f4c559b5f792f3e0ec586dd4498a4dfac22a0889b6170f5ccd7c1d	eec22960945b71ed96f6e3e26f16ac7ee702e46a24459e8ace9945adec310977	NA	03b_cassia/CASSIA_pancreas_human_20260803_170442/01_annotation_results/annotation_cassia_FINAL_RESULTS.csv	20260803_165951	deepseek-v4-flash	v1.0.0	v1.0.0	2025-07-30	d1f01acb10bb3de97917f294d4a52b6b	0	300	5	20
TS_pancreas	cluster_2	cassia	Immune cell — cytotoxic lymphocyte / NK-lineage cell	immunecellcytotoxiclymphocytenklineagecell	NA	NA	S100A1|CEBPB|TTF2|XCL2|MOS|SPX|TMEM208|TAS2R20|TBC1D16|ARF4P1|IGHD4-23|RPIA|COX7C|RUSC2|RNF130|GZMH|SLFN12|PIK3R1|RYBP|SLC25A27	pancreas	human	normal_adult	CL:4042031|CL:0000776|CL:0000772|CL:1000549|CL:0000840	immune oligodendroglia|immature neutrophil|immature eosinophil|kidney cortex collecting duct epithelial cell|immature conventional dendritic cell	0.796|0.772|0.772|0.769|0.765	NA	NA	NA	review	status_mismatch_unmapped_ambiguous	NA	NA	evidence_llm_abstain	exact	NA	status_mismatch_unmapped_ambiguous	NA	NA	FALSE	TRUE	FALSE	candidate_set	unmapped	NA	NA	exact	low	ambiguous	NA	NA	exact	low	FALSE	TRUE	FALSE	NA	NA	NA	9cc0c626906de9bdcf3cbd4beea69a88a24c7604275eef5e895fb0c08d298e58	acc7cae4e5d070b730e09e409768a5887c2791d895c40a064f6799bb9d6770d7	NA	03b_cassia/CASSIA_pancreas_human_20260803_170442/01_annotation_results/annotation_cassia_FINAL_RESULTS.csv	20260803_165951	deepseek-v4-flash	v1.0.0	v1.0.0	2025-07-30	d1f01acb10bb3de97917f294d4a52b6b	0	300	5	20
TS_pancreas	cluster_3	cassia	Myeloid/innate immune cell — specifically a monocyte/macrophage-lineage cluster.	myeloidinnateimmunecellspecificallyamonocytemacrophagelineagecluster	NA	90	ADIPOR1|TGFA|ABLIM2|TPM3|APOBEC3F|S100A12|MAGEB5|PRKAG3|TNFSF13|VCAN|FPR1|KPNA4|LYZ|OR5A2|ACOT13|PYHIN1|MEFV|TLR8|FCN1|TMEM132D	pancreas	human	normal_adult	CL:0000763|CL:0000766|CL:0000839|CL:0000782|CL:4033165	myeloid cell|myeloid leukocyte|myeloid lineage restricted progenitor cell|myeloid dendritic cell|myenteric ganglion of small intestine ChAT/CALR/SOM/SP neuron	0.814|0.798|0.794|0.785|0.784	NA	NA	NA	mapped_evidence	accept_after_verifier	CL:0000763	myeloid cell	evidence_llm	broadened	medium	A/B consistent; spec=broadened	CL:0000763	myeloid cell	TRUE	TRUE	TRUE	single_cl_id	mapped	1	CL:0000763	broadened	medium	mapped	5	CL:0000763	broadened	medium	TRUE	TRUE	TRUE	accept	NA	accept	7a74c076cbf97d3a8040a771bc9ea13d6ca7e0e3dfb5963640ddece911ec7196	de595fa5c2f4603217a49c61b9abeca94b1a5b797ad6821577bdb51eb136b3a0	2c68cfffd8b940b1d11f0731eacb2a9ea8c4e461c74c937a50c15a8fb950aca2	03b_cassia/CASSIA_pancreas_human_20260803_170442/01_annotation_results/annotation_cassia_FINAL_RESULTS.csv	20260803_165951	deepseek-v4-flash	v1.0.0	v1.0.0	2025-07-30	d1f01acb10bb3de97917f294d4a52b6b	0	300	5	20
TS_pancreas	cluster_4	cassia	Endothelial cells	endothelialcell	NA	NA	NA	pancreas	human	normal_adult	CL:0000115	endothelial cell	NA	NA	NA	NA	mapped	deterministic	CL:0000115	endothelial cell	normalized	exact	NA	deterministic	CL:0000115	endothelial cell	TRUE	TRUE	TRUE	single_cl_id	NA	NA	NA	NA	NA	NA	NA	NA	NA	NA	NA	NA	FALSE	NA	NA	NA	NA	NA	NA	03b_cassia/CASSIA_pancreas_human_20260803_170442/01_annotation_results/annotation_cassia_FINAL_RESULTS.csv	20260803_165951	deepseek-v4-flash	v1.0.0	v1.0.0	2025-07-30	d1f01acb10bb3de97917f294d4a52b6b	0	300	5	20
TS_pancreas	cluster_5	cassia	Pancreatic islet endocrine cell	pancreaticisletendocrinecell	NA	NA	PFN3|CEBPD|ZNF131|BZW1P2|C11orf42|SELENOF|ABCA6|PRKD3-DT|SUPT3H|KCNK2|HDC|EIF2B5|ABCA10|ERBIN|TRPV6|AHNAK2|SNAI1P1|GLI2|CCNA1|ZFHX4	pancreas	human	normal_adult	CL:0000169|CL:0008024|CL:0002351|CL:0002275|CL:0005019	type B pancreatic cell|pancreatic endocrine cell|progenitor cell of endocrine pancreas|pancreatic PP cell|pancreatic epsilon cell	0.92|0.916|0.912|0.904|0.903	NA	NA	NA	review	status_mismatch_ambiguous_mapped	NA	NA	evidence_llm_abstain	exact	NA	status_mismatch_ambiguous_mapped	CL:0008024	pancreatic endocrine cell	FALSE	TRUE	FALSE	candidate_set	ambiguous	NA	NA	exact	low	mapped	4	CL:0008024	exact	medium	FALSE	TRUE	FALSE	NA	NA	NA	6bcb60b404ea5f34a7527184e8ba32b0d60cdf58b0cfbe2e3b6abebdbce0671b	c519a75a615a04b47c1b134cc6652ff9737b7958166086eff4917ffd853f2da2	NA	03b_cassia/CASSIA_pancreas_human_20260803_170442/01_annotation_results/annotation_cassia_FINAL_RESULTS.csv	20260803_165951	deepseek-v4-flash	v1.0.0	v1.0.0	2025-07-30	d1f01acb10bb3de97917f294d4a52b6b	0	300	5	20
TS_pancreas	cluster_6	cassia	Macrophage (myeloid lineage / mononuclear phagocyte)	macrophagemyeloidlineagemononuclearphagocyte	NA	NA	TCF7L1-IT1|H1-6|KCNE2|TREM2|NDNF|INPPL1|C1QA|GLIPR1L1|FCAR|AMPD3|COX6CP1|MSR1|C22orf15|SLC1A3|GADD45G|PLGLB2|IGHV3-64D|EBI3|SLC45A3|MS4A4A	pancreas	human	normal_adult	CL:0009047|CL:0000235|CL:0002009|CL:0009038|CL:0009048	macrophage of medullary sinus of lymph node|macrophage|macrophage dendritic cell progenitor|colon macrophage|anorectum macrophage	0.847|0.845|0.836|0.83|0.82	NA	NA	NA	review	specificity_mismatch	NA	NA	evidence_llm_abstain	broadened	NA	A spec=broadened; B spec=exact	CL:0000235	macrophage	FALSE	TRUE	FALSE	candidate_set	mapped	2	CL:0000235	broadened	medium	mapped	4	CL:0000235	exact	high	TRUE	FALSE	FALSE	NA	NA	NA	e928d824afe6f78969e47f0516dfbcee336d38900b3f6015b508b1f9df16975e	f3ef0495f4a221fef37a1eeee5ffde26d3b493a2bfdbe1040ec3d7dbb1f4d6a4	NA	03b_cassia/CASSIA_pancreas_human_20260803_170442/01_annotation_results/annotation_cassia_FINAL_RESULTS.csv	20260803_165951	deepseek-v4-flash	v1.0.0	v1.0.0	2025-07-30	d1f01acb10bb3de97917f294d4a52b6b	0	300	5	20
TS_pancreas	cluster_7	cassia	Pancreatic ductal epithelial cells	pancreaticductalepithelialcell	NA	NA	CLUHP11|CTNNA2|TMEM167B|SLC22A9|MIR5585|CA12|LIPT2|SDCBPP1|TSPAN2|ARSG|FAM167A|SEMG1|PIPOX|LZIC|OR4D5|PCGF3|PRSS3|MIR6511A4|SKIL|PDCD10	pancreas	human	normal_adult	CL:0002079|CL:0000083|CL:0000173|CL:0002410|CL:4052014	pancreatic ductal cell|epithelial cell of pancreas|pancreatic D cell|pancreatic stellate cell|pancreatic islet capillary endothelial cell	0.918|0.91|0.9|0.898|0.887	NA	NA	NA	mapped_evidence	accept_after_verifier	CL:0002079	pancreatic ductal cell	evidence_llm	exact	high	A/B consistent; spec=exact	CL:0002079	pancreatic ductal cell	TRUE	TRUE	TRUE	single_cl_id	mapped	1	CL:0002079	exact	high	mapped	5	CL:0002079	exact	high	TRUE	TRUE	TRUE	accept	NA	accept	966d04b217a363332a4c6a585a6e4e1c2aa0c2a019111833887188f06aff5d17	523cb9bfcc4b9c69680db6f47de9af3497962b866f0a19abcacc38a8efeba09f	e9ba70c6c9467505e19e6fb321afb3a5fb7e035952f8b9a01f894a9c53e83e73	03b_cassia/CASSIA_pancreas_human_20260803_170442/01_annotation_results/annotation_cassia_FINAL_RESULTS.csv	20260803_165951	deepseek-v4-flash	v1.0.0	v1.0.0	2025-07-30	d1f01acb10bb3de97917f294d4a52b6b	0	300	5	20
TS_pancreas	cluster_8	cassia	Pancreatic ductal epithelial cell	pancreaticductalepithelialcell	NA	NA	CICP20|VTN|TFPI2|MMP20|KRT15|RNU1-153P|AMBP|FCAMR|RCHY1|BARX2|NR1H4|LRRC34|PCNX4-DT|WFDC3|AP1G1|HSD17B2|ZNF778|CLECL1P|GTF2IP3|TMEM41A	pancreas	human	normal_adult	CL:0002079|CL:0000083|CL:0000173|CL:0002410|CL:4052014	pancreatic ductal cell|epithelial cell of pancreas|pancreatic D cell|pancreatic stellate cell|pancreatic islet capillary endothelial cell	0.918|0.91|0.9|0.898|0.887	NA	NA	NA	mapped_evidence	accept_after_verifier	CL:0002079	pancreatic ductal cell	evidence_llm	exact	high	A/B consistent; spec=exact	CL:0002079	pancreatic ductal cell	TRUE	TRUE	TRUE	single_cl_id	mapped	1	CL:0002079	exact	high	mapped	5	CL:0002079	exact	medium	TRUE	TRUE	TRUE	accept	NA	accept	4f3b7877dd82578906032fad0bed83bfac4b1d4cbad90e055885810ec226b72f	db3b817cd0e292d56c8817671b341eaef07b50908759ed99f109147e4d2980f8	0c33834016526dec7befe2dc0e5ba1ae27d3542f1ec3e322d1622f7fbd7c644c	03b_cassia/CASSIA_pancreas_human_20260803_170442/01_annotation_results/annotation_cassia_FINAL_RESULTS.csv	20260803_165951	deepseek-v4-flash	v1.0.0	v1.0.0	2025-07-30	d1f01acb10bb3de97917f294d4a52b6b	0	300	5	20
TS_pancreas	cluster_9	cassia	Pancreatic acinar / exocrine epithelial cell	pancreaticacinarexocrineepithelialcell	NA	NA	PMFBP1|BPIFA3|C16orf78|SHC4|SDHC|ACTA2|RNU6-988P|ATP6V1E1|LECT2|TUBA3GP|RBM12B|SLC35B1|CIAO2B|IL1RL2|OPN4|DSCAML1|DCAF8L2|DCN|CEP97|ELF3	pancreas	human	normal_adult	CL:0002064|CL:0000083|CL:0002080|CL:4052014|CL:0008024	pancreatic acinar cell|epithelial cell of pancreas|pancreatic centro-acinar cell|pancreatic islet capillary endothelial cell|pancreatic endocrine cell	0.895|0.885|0.879|0.873|0.866	NA	NA	NA	mapped_evidence	accept_after_verifier	CL:0002064	pancreatic acinar cell	evidence_llm	exact	high	A/B consistent; spec=exact	CL:0002064	pancreatic acinar cell	TRUE	TRUE	TRUE	single_cl_id	mapped	1	CL:0002064	exact	high	mapped	5	CL:0002064	exact	high	TRUE	TRUE	TRUE	accept	NA	accept	4cc74061f416817b4cd972493381ca4fd0c592da17aee63d17fd535250f6f21b	d62e0b3bf549289962cfd93910eb6862dd1be4f2482054338f6008699489169b	329ff945756a0d24f9154efe6ff672a10900cbe265923ec24632e2371b401f4d	03b_cassia/CASSIA_pancreas_human_20260803_170442/01_annotation_results/annotation_cassia_FINAL_RESULTS.csv	20260803_165951	deepseek-v4-flash	v1.0.0	v1.0.0	2025-07-30	d1f01acb10bb3de97917f294d4a52b6b	0	300	5	20
TS_pancreas	cluster_1	in_house	B cell	bcell	CL:0000236	0	NA	pancreas	human	normal_adult	CL:0000236	B cell	NA	NA	NA	NA	mapped	deterministic	CL:0000236	B cell	provided_valid_clid	exact	NA	deterministic	CL:0000236	B cell	TRUE	TRUE	TRUE	single_cl_id	NA	NA	NA	NA	NA	NA	NA	NA	NA	NA	NA	NA	FALSE	NA	NA	NA	NA	NA	NA	07_our_summary/summary.csv	20260803_165951	deepseek-v4-flash	v1.0.0	v1.0.0	2025-07-30	d1f01acb10bb3de97917f294d4a52b6b	0	300	5	20
TS_pancreas	cluster_10	in_house	neural_glial cell	neuralglialcell	CL:0000637	8	DTX3|TRIM55|B4GALT6|KCNJ8|CHGA|IHH|ATRAID|SCG3|ARX|ROBO2|ATPAF2|PCSK1N|SMPD4|MEP1B|CFAP53P1|RNF26|RBMX|DAB1|GFRA4|GZMA	pancreas	human	normal_adult	CL:0000125|CL:0002319|CL:0000218|CL:0000032|CL:0011020	glial cell|neural cell|myelinating Schwann cell|neuroplacodal cell|neural progenitor cell	0.905|0.893|0.887|0.876|0.855	NA	NA	NA	ambiguous	ab_consistent_ambiguous	NA	NA	evidence_llm_abstain	exact	NA	Mapper A/B consistently returned ambiguous	NA	NA	FALSE	TRUE	FALSE	candidate_set	ambiguous	NA	NA	exact	low	ambiguous	NA	NA	exact	low	FALSE	TRUE	FALSE	NA	NA	NA	db000648dc98ee6d957f7f021c7f2757ecf7e76c972a133c8053888bbb4804bb	c1b7c1119ef7760201b89d9a279c886bb1ff4dbee3b76f80e91c06047266e479	NA	07_our_summary/summary.csv	20260803_165951	deepseek-v4-flash	v1.0.0	v1.0.0	2025-07-30	d1f01acb10bb3de97917f294d4a52b6b	0	300	5	20
TS_pancreas	cluster_2	in_house	T cell	tcell	CL:0000084	0	NA	pancreas	human	normal_adult	CL:0000084	T cell	NA	NA	NA	NA	mapped	deterministic	CL:0000084	T cell	provided_valid_clid	exact	NA	deterministic	CL:0000084	T cell	TRUE	TRUE	TRUE	single_cl_id	NA	NA	NA	NA	NA	NA	NA	NA	NA	NA	NA	NA	FALSE	NA	NA	NA	NA	NA	NA	07_our_summary/summary.csv	20260803_165951	deepseek-v4-flash	v1.0.0	v1.0.0	2025-07-30	d1f01acb10bb3de97917f294d4a52b6b	0	300	5	20
TS_pancreas	cluster_3	in_house	myeloid cell	myeloidcell	CL:0000763	0	NA	pancreas	human	normal_adult	CL:0000763	myeloid cell	NA	NA	NA	NA	mapped	deterministic	CL:0000763	myeloid cell	provided_valid_clid	exact	NA	deterministic	CL:0000763	myeloid cell	TRUE	TRUE	TRUE	single_cl_id	NA	NA	NA	NA	NA	NA	NA	NA	NA	NA	NA	NA	FALSE	NA	NA	NA	NA	NA	NA	07_our_summary/summary.csv	20260803_165951	deepseek-v4-flash	v1.0.0	v1.0.0	2025-07-30	d1f01acb10bb3de97917f294d4a52b6b	0	300	5	20
TS_pancreas	cluster_4	in_house	endothelial cell	endothelialcell	CL:0000115	0	NA	pancreas	human	normal_adult	CL:0000115	endothelial cell	NA	NA	NA	NA	mapped	deterministic	CL:0000115	endothelial cell	provided_valid_clid	exact	NA	deterministic	CL:0000115	endothelial cell	TRUE	TRUE	TRUE	single_cl_id	NA	NA	NA	NA	NA	NA	NA	NA	NA	NA	NA	NA	FALSE	NA	NA	NA	NA	NA	NA	07_our_summary/summary.csv	20260803_165951	deepseek-v4-flash	v1.0.0	v1.0.0	2025-07-30	d1f01acb10bb3de97917f294d4a52b6b	0	300	5	20
TS_pancreas	cluster_5	in_house	neural_glial cell	neuralglialcell	CL:0000066	3	PFN3|CEBPD|ZNF131|BZW1P2|C11orf42|SELENOF|ABCA6|PRKD3-DT|SUPT3H|KCNK2|HDC|EIF2B5|ABCA10|ERBIN|TRPV6|AHNAK2|SNAI1P1|GLI2|CCNA1|ZFHX4	pancreas	human	normal_adult	CL:0000125|CL:0002319|CL:0000218|CL:0000032|CL:0011020	glial cell|neural cell|myelinating Schwann cell|neuroplacodal cell|neural progenitor cell	0.905|0.893|0.887|0.876|0.855	NA	NA	NA	ambiguous	ab_consistent_ambiguous	NA	NA	evidence_llm_abstain	exact	NA	Mapper A/B consistently returned ambiguous	NA	NA	FALSE	TRUE	FALSE	candidate_set	ambiguous	NA	NA	exact	low	ambiguous	NA	NA	exact	low	FALSE	TRUE	FALSE	NA	NA	NA	b636797195fc28868e61d9851b9edf39c24329723f968711f62ab22016e75576	be87c03e08d7f41633ecd8a96f89ccf3478692c99e6c048ffb7e7c933fedaeb2	NA	07_our_summary/summary.csv	20260803_165951	deepseek-v4-flash	v1.0.0	v1.0.0	2025-07-30	d1f01acb10bb3de97917f294d4a52b6b	0	300	5	20
TS_pancreas	cluster_6	in_house	myeloid cell	myeloidcell	CL:0000763	0	NA	pancreas	human	normal_adult	CL:0000763	myeloid cell	NA	NA	NA	NA	mapped	deterministic	CL:0000763	myeloid cell	provided_valid_clid	exact	NA	deterministic	CL:0000763	myeloid cell	TRUE	TRUE	TRUE	single_cl_id	NA	NA	NA	NA	NA	NA	NA	NA	NA	NA	NA	NA	FALSE	NA	NA	NA	NA	NA	NA	07_our_summary/summary.csv	20260803_165951	deepseek-v4-flash	v1.0.0	v1.0.0	2025-07-30	d1f01acb10bb3de97917f294d4a52b6b	0	300	5	20
TS_pancreas	cluster_7	in_house	epithelial cell	epithelialcell	CL:0000066	5	NA	pancreas	human	normal_adult	CL:0000066	epithelial cell	NA	NA	NA	NA	mapped	deterministic	CL:0000066	epithelial cell	provided_valid_clid	exact	NA	deterministic	CL:0000066	epithelial cell	TRUE	TRUE	TRUE	single_cl_id	NA	NA	NA	NA	NA	NA	NA	NA	NA	NA	NA	NA	FALSE	NA	NA	NA	NA	NA	NA	07_our_summary/summary.csv	20260803_165951	deepseek-v4-flash	v1.0.0	v1.0.0	2025-07-30	d1f01acb10bb3de97917f294d4a52b6b	0	300	5	20
TS_pancreas	cluster_8	in_house	epithelial cell	epithelialcell	CL:0000066	7	NA	pancreas	human	normal_adult	CL:0000066	epithelial cell	NA	NA	NA	NA	mapped	deterministic	CL:0000066	epithelial cell	provided_valid_clid	exact	NA	deterministic	CL:0000066	epithelial cell	TRUE	TRUE	TRUE	single_cl_id	NA	NA	NA	NA	NA	NA	NA	NA	NA	NA	NA	NA	FALSE	NA	NA	NA	NA	NA	NA	07_our_summary/summary.csv	20260803_165951	deepseek-v4-flash	v1.0.0	v1.0.0	2025-07-30	d1f01acb10bb3de97917f294d4a52b6b	0	300	5	20
TS_pancreas	cluster_9	in_house	cell of skeletal muscle	cellofskeletalmuscle	CL:0000188	0	NA	pancreas	human	normal_adult	CL:0000188	cell of skeletal muscle	NA	NA	NA	NA	mapped	deterministic	CL:0000188	cell of skeletal muscle	provided_valid_clid	exact	NA	deterministic	CL:0000188	cell of skeletal muscle	TRUE	TRUE	TRUE	single_cl_id	NA	NA	NA	NA	NA	NA	NA	NA	NA	NA	NA	NA	FALSE	NA	NA	NA	NA	NA	NA	07_our_summary/summary.csv	20260803_165951	deepseek-v4-flash	v1.0.0	v1.0.0	2025-07-30	d1f01acb10bb3de97917f294d4a52b6b	0	300	5	20
TS_pancreas	cluster_1	enrichment	memory B cell	memorybcell	CL:0000787	NA	NA	pancreas	human	normal_adult	CL:0000787	memory B cell	NA	NA	NA	NA	mapped	deterministic	CL:0000787	memory B cell	provided_valid_clid	exact	NA	deterministic	CL:0000787	memory B cell	TRUE	TRUE	TRUE	single_cl_id	NA	NA	NA	NA	NA	NA	NA	NA	NA	NA	NA	NA	FALSE	NA	NA	NA	NA	NA	NA	07b_inter_summary/summary.csv	20260803_165951	deepseek-v4-flash	v1.0.0	v1.0.0	2025-07-30	d1f01acb10bb3de97917f294d4a52b6b	0	300	5	20
TS_pancreas	cluster_10	enrichment	pancreatic A cell	pancreaticacell	CL:0000171	NA	NA	pancreas	human	normal_adult	CL:0000171	pancreatic A cell	NA	NA	NA	NA	mapped	deterministic	CL:0000171	pancreatic A cell	provided_valid_clid	exact	NA	deterministic	CL:0000171	pancreatic A cell	TRUE	TRUE	TRUE	single_cl_id	NA	NA	NA	NA	NA	NA	NA	NA	NA	NA	NA	NA	FALSE	NA	NA	NA	NA	NA	NA	07b_inter_summary/summary.csv	20260803_165951	deepseek-v4-flash	v1.0.0	v1.0.0	2025-07-30	d1f01acb10bb3de97917f294d4a52b6b	0	300	5	20
TS_pancreas	cluster_2	enrichment	natural killer cell	naturalkillercell	CL:0000623	NA	NA	pancreas	human	normal_adult	CL:0000623	natural killer cell	NA	NA	NA	NA	mapped	deterministic	CL:0000623	natural killer cell	provided_valid_clid	exact	NA	deterministic	CL:0000623	natural killer cell	TRUE	TRUE	TRUE	single_cl_id	NA	NA	NA	NA	NA	NA	NA	NA	NA	NA	NA	NA	FALSE	NA	NA	NA	NA	NA	NA	07b_inter_summary/summary.csv	20260803_165951	deepseek-v4-flash	v1.0.0	v1.0.0	2025-07-30	d1f01acb10bb3de97917f294d4a52b6b	0	300	5	20
TS_pancreas	cluster_3	enrichment	Macrophage/Neutrophil (myeloid) – likely proinflammatory/activated	macrophageneutrophilmyeloidlikelyproinflammatoryactivated	NA	NA	ADIPOR1|TGFA|ABLIM2|TPM3|APOBEC3F|S100A12|MAGEB5|PRKAG3|TNFSF13|VCAN|FPR1|KPNA4|LYZ|OR5A2|ACOT13|PYHIN1|MEFV|TLR8|FCN1|TMEM132D	pancreas	human	normal_adult	CL:0000865|CL:0000235|CL:0009047|CL:0002009|CL:0000647	gastrointestinal tract (lamina propria) macrophage|macrophage|macrophage of medullary sinus of lymph node|macrophage dendritic cell progenitor|multinucleated giant cell	0.843|0.835|0.831|0.829|0.82	NA	NA	FALSE	review	mixed_component_mismatch	NA	NA	evidence_llm_abstain	exact	NA	A components=CL:0000865|CL:0000235; B components=CL:0000647|CL:0000235	CL:0000235	macrophage	FALSE	TRUE	FALSE	candidate_set	mixed_identity	2	CL:0000235	exact	medium	mixed_identity	4	CL:0000235	exact	medium	TRUE	TRUE	FALSE	NA	NA	NA	29a0baf90e8af26fd26e4a24738000bb67c05c9d7b16eda1bd6d020f2144675c	8ef004816760188e565d3977d9edef89da7160f13a6760bc6328053be73f3913	NA	07b_inter_summary/summary.csv	20260803_165951	deepseek-v4-flash	v1.0.0	v1.0.0	2025-07-30	d1f01acb10bb3de97917f294d4a52b6b	0	300	5	20
TS_pancreas	cluster_4	enrichment	Endothelial cell (vascular/lymphatic) with potential pericyte contamination	endothelialcellvascularlymphaticwithpotentialpericytecontamination	NA	NA	ANO2|ALDH1A2|LRRIQ3|PPAT|ZNF311|ASGR2|SLC9B1|SEPTIN7P5|IGLL4P|DYRK2|UQCR11|LIME1|MRM2|CUL5|ZNF157|SYNE3|SLC35B3|TASL|NIPSNAP1|SERPINA1	pancreas	human	normal_adult	CL:0019022|CL:0019021|CL:0002261|CL:0009094|CL:0000115	endothelial cell of pericentral hepatic sinusoid|endothelial cell of periportal hepatic sinusoid|endothelial cell of viscerocranial mucosa|endothelial cell of hepatic portal vein|endothelial cell	0.85|0.847|0.847|0.846|0.845	NA	NA	NA	mixed_signal	ab_consistent_mixed_signal	NA	NA	evidence_llm_abstain	broadened	NA	Mapper A/B consistently returned mixed_signal	CL:0000115	endothelial cell	FALSE	TRUE	FALSE	candidate_set	mixed_signal	5	CL:0000115	broadened	low	mixed_signal	1	CL:0000115	exact	medium	TRUE	FALSE	FALSE	NA	NA	NA	7e4c77ed1b1f6dcaa5b5d54b1d14ec4aba8fe6c6c31d3e684f0d178a469ef49f	743b9d7607a729ac92adfd718a9ed2141bbfe2d353d2e99332e685779fdf759a	NA	07b_inter_summary/summary.csv	20260803_165951	deepseek-v4-flash	v1.0.0	v1.0.0	2025-07-30	d1f01acb10bb3de97917f294d4a52b6b	0	300	5	20
TS_pancreas	cluster_5	enrichment	pancreatic acinar cell	pancreaticacinarcell	CL:0002064	NA	NA	pancreas	human	normal_adult	CL:0002064	pancreatic acinar cell	NA	NA	NA	NA	mapped	deterministic	CL:0002064	pancreatic acinar cell	provided_valid_clid	exact	NA	deterministic	CL:0002064	pancreatic acinar cell	TRUE	TRUE	TRUE	single_cl_id	NA	NA	NA	NA	NA	NA	NA	NA	NA	NA	NA	NA	FALSE	NA	NA	NA	NA	NA	NA	07b_inter_summary/summary.csv	20260803_165951	deepseek-v4-flash	v1.0.0	v1.0.0	2025-07-30	d1f01acb10bb3de97917f294d4a52b6b	0	300	5	20
TS_pancreas	cluster_6	enrichment	TREM2+ lipid-associated macrophage	trem2lipidassociatedmacrophage	NA	NA	TCF7L1-IT1|H1-6|KCNE2|TREM2|NDNF|INPPL1|C1QA|GLIPR1L1|FCAR|AMPD3|COX6CP1|MSR1|C22orf15|SLC1A3|GADD45G|PLGLB2|IGHV3-64D|EBI3|SLC45A3|MS4A4A	pancreas	human	normal_adult	CL:4047053|CL:4033086|CL:0000872|CL:0000885|CL:4030058	TREM2-positive macrophage|lipid-associated macrophage|splenic marginal zone macrophage|gut-associated lymphoid tissue macrophage|TCR-positive macrophage	0.87|0.833|0.781|0.766|0.758	NA	NA	NA	mapped_evidence	accept_after_verifier	CL:4047053	TREM2-positive macrophage	evidence_llm	exact	high	A/B consistent; spec=exact	CL:4047053	TREM2-positive macrophage	TRUE	TRUE	TRUE	single_cl_id	mapped	1	CL:4047053	exact	high	mapped	5	CL:4047053	exact	high	TRUE	TRUE	TRUE	accept	NA	accept	b9d34f300bf9cc75b452d5f4a62695d7a9db54dbdb9349df122066135f96b636	c2a4d92173929dfbfdf65f69682c8adeeb04c99666d9afb761a262c6dc332fb6	e3fc6d87a3757c70cc0d521f654c55082d015d04e2f1b8e65b9cab210961c9dd	07b_inter_summary/summary.csv	20260803_165951	deepseek-v4-flash	v1.0.0	v1.0.0	2025-07-30	d1f01acb10bb3de97917f294d4a52b6b	0	300	5	20
TS_pancreas	cluster_7	enrichment	Hepatocyte-like / Acinar-like (likely exocrine pancreas cell, possibly acinar or ductal with hepatocyte metaplasia markers)	hepatocytelikeacinarlikelikelyexocrinepancreascellpossiblyacinarorductalwithhepatocytemetaplasiamarkers	NA	NA	CLUHP11|CTNNA2|TMEM167B|SLC22A9|MIR5585|CA12|LIPT2|SDCBPP1|TSPAN2|ARSG|FAM167A|SEMG1|PIPOX|LZIC|OR4D5|PCGF3|PRSS3|MIR6511A4|SKIL|PDCD10	pancreas	human	normal_adult	CL:0000182|CL:0005026|CL:2000054|CL:4047101|CL:0002196	hepatocyte|hepatoblast|hepatic pit cell|liver-resident natural killer cell|hepatic oval stem cell	0.819|0.803|0.777|0.773|0.771	NA	NA	NA	ambiguous	ab_consistent_ambiguous	NA	NA	evidence_llm_abstain	exact	NA	Mapper A/B consistently returned ambiguous	NA	NA	FALSE	TRUE	FALSE	candidate_set	ambiguous	NA	NA	exact	low	ambiguous	NA	NA	exact	low	FALSE	TRUE	FALSE	NA	NA	NA	38babe9ca4935e8d17633634d8efbad40cc0fa3d46608a4906c0713edad2af72	f3dd47df5328e8100b68e9ecf6d666ce45bf24e846ec2e1d13169c24a476251b	NA	07b_inter_summary/summary.csv	20260803_165951	deepseek-v4-flash	v1.0.0	v1.0.0	2025-07-30	d1f01acb10bb3de97917f294d4a52b6b	0	300	5	20
TS_pancreas	cluster_8	enrichment	Pancreatic ductal epithelial cell (with potential reactive/regenerative state)	pancreaticductalepithelialcellwithpotentialreactiveregenerativestate	NA	NA	CICP20|VTN|TFPI2|MMP20|KRT15|RNU1-153P|AMBP|FCAMR|RCHY1|BARX2|NR1H4|LRRC34|PCNX4-DT|WFDC3|AP1G1|HSD17B2|ZNF778|CLECL1P|GTF2IP3|TMEM41A	pancreas	human	normal_adult	CL:0002079|CL:0000173|CL:0005019|CL:4052014|CL:0000169	pancreatic ductal cell|pancreatic D cell|pancreatic epsilon cell|pancreatic islet capillary endothelial cell|type B pancreatic cell	0.844|0.831|0.824|0.824|0.821	NA	NA	NA	mapped_evidence	accept_after_verifier	CL:0002079	pancreatic ductal cell	evidence_llm	exact	medium	A/B consistent; spec=exact	CL:0002079	pancreatic ductal cell	TRUE	TRUE	TRUE	single_cl_id	mapped	1	CL:0002079	exact	medium	mapped	5	CL:0002079	exact	medium	TRUE	TRUE	TRUE	accept	NA	accept	0de253076e53316ebe5b496375048e4e5bb322ef7e570b7ba25dd12617b4150d	b063ff3be62988865aa094e261c339c8a5545677b5a5884071bf0490edad8074	f2655a7a986d1b37ff0fa1021be4a0c1248a3a1ed7f58969531b1ea99c563e43	07b_inter_summary/summary.csv	20260803_165951	deepseek-v4-flash	v1.0.0	v1.0.0	2025-07-30	d1f01acb10bb3de97917f294d4a52b6b	0	300	5	20
TS_pancreas	cluster_9	enrichment	Pancreatic Stellate Cells (PSC) / Activated Mesenchymal-Like Cells	pancreaticstellatecellpscactivatedmesenchymallikecell	NA	NA	PMFBP1|BPIFA3|C16orf78|SHC4|SDHC|ACTA2|RNU6-988P|ATP6V1E1|LECT2|TUBA3GP|RBM12B|SLC35B1|CIAO2B|IL1RL2|OPN4|DSCAML1|DCAF8L2|DCN|CEP97|ELF3	pancreas	human	normal_adult	CL:0002410|CL:4052014|CL:0000173|CL:0005019|CL:0000171	pancreatic stellate cell|pancreatic islet capillary endothelial cell|pancreatic D cell|pancreatic epsilon cell|pancreatic A cell	0.883|0.854|0.845|0.83|0.83	NA	NA	NA	mapped_evidence	accept_after_verifier	CL:0002410	pancreatic stellate cell	evidence_llm	exact	high	A/B consistent; spec=exact	CL:0002410	pancreatic stellate cell	TRUE	TRUE	TRUE	single_cl_id	mapped	1	CL:0002410	exact	high	mapped	5	CL:0002410	exact	high	TRUE	TRUE	TRUE	accept	NA	accept	e2b5006d8a4d8b803ba1f2398c9031886fb2f0d9b6d88af8ae1403dee5c30312	11acfef54d2ddaffff44e5001c0275a94bf06748e4900b160159f1c64664257c	7c8083aef1922d7915afd12ece0e07f8937d9ffdc1743e555aed192d61211fc3	07b_inter_summary/summary.csv	20260803_165951	deepseek-v4-flash	v1.0.0	v1.0.0	2025-07-30	d1f01acb10bb3de97917f294d4a52b6b	0	300	5	20
Zheng_blood	cluster_1	cassia	B lymphocytes / B cells	blymphocytebcell	NA	95	FCER2|TCL1A|MS4A1|VPREB3|BANK1|IGLL5|CD79A|BLK|CD79B|P2RX5|IRF8|HLA-DQA2|EAF2|HLA-DRA|HLA-DQA1|HVCN1|CD74|HLA-DPA1|PDLIM1|HLA-DMB	blood	human	healthy_immune	CL:0000236|CL:0000542|CL:0017006|CL:0000819|CL:0000822	B cell|lymphocyte|B-lymphoblast|B-1 B cell|B-2 B cell	0.938|0.875|0.862|0.86|0.86	NA	NA	NA	mapped_evidence	accept_after_verifier	CL:0000236	B cell	evidence_llm	exact	high	A/B consistent; spec=exact	CL:0000236	B cell	TRUE	TRUE	TRUE	single_cl_id	mapped	1	CL:0000236	exact	high	mapped	5	CL:0000236	exact	high	TRUE	TRUE	TRUE	accept	NA	accept	f8497d998bd6745a8e50d7756d5579e848e0f48cfa3e17712209324f842f2440	a20ca1024587d8ab242ba0cadf310718b1f1288962397931fd38e28d3543bd27	42a5618595ec2231e1cca007aa32ceb3a085c428ffe1c427cebeff830c75b5a9	03b_cassia/CASSIA_blood_human_20260803_170442/01_annotation_results/annotation_cassia_FINAL_RESULTS.csv	20260803_170008	deepseek-v4-flash	v1.0.0	v1.0.0	2025-07-30	d1f01acb10bb3de97917f294d4a52b6b	0	300	5	20
Zheng_blood	cluster_2	cassia	Monocyte	monocyte	NA	97	NA	blood	human	healthy_immune	CL:0000576	monocyte	NA	NA	NA	NA	mapped	deterministic	CL:0000576	monocyte	normalized	exact	NA	deterministic	CL:0000576	monocyte	TRUE	TRUE	TRUE	single_cl_id	NA	NA	NA	NA	NA	NA	NA	NA	NA	NA	NA	NA	FALSE	NA	NA	NA	NA	NA	NA	03b_cassia/CASSIA_blood_human_20260803_170442/01_annotation_results/annotation_cassia_FINAL_RESULTS.csv	20260803_170008	deepseek-v4-flash	v1.0.0	v1.0.0	2025-07-30	d1f01acb10bb3de97917f294d4a52b6b	0	300	5	20
Zheng_blood	cluster_3	cassia	Natural Killer (NK) cells	naturalkillernkcell	NA	96	KLRF1|CD160|GZMB|FCGR3A|XCL2|PRSS23|KLRD1|GNLY|KLRC1|FGFBP2|XCL1|S1PR5|CCL4|CLIC3|PRF1|SPON2|NKG7|KLRB1|C1orf21|CST7	blood	human	healthy_immune	CL:0000623|CL:0000825|CL:0001069|CL:0000903|CL:0002679	natural killer cell|pro-NK cell|group 2 innate lymphoid cell|natural T-regulatory cell|natural helper lymphocyte	0.979|0.901|0.898|0.836|0.827	NA	NA	NA	mapped_evidence	accept_after_verifier	CL:0000623	natural killer cell	evidence_llm	exact	high	A/B consistent; spec=exact	CL:0000623	natural killer cell	TRUE	TRUE	TRUE	single_cl_id	mapped	1	CL:0000623	exact	high	mapped	5	CL:0000623	exact	high	TRUE	TRUE	TRUE	accept	NA	accept	1405498485539b2fbe4e4888124bb5f53578cdead13e39c4fb5e168d57baaaf6	b429206020e809edf0dde86d8bbf931674e791b88fdb1ab522493471f6fa54eb	8271debc7725eb056dc09924ac2e3caed7380fc24a9d7278efd5e013f961bcf3	03b_cassia/CASSIA_blood_human_20260803_170442/01_annotation_results/annotation_cassia_FINAL_RESULTS.csv	20260803_170008	deepseek-v4-flash	v1.0.0	v1.0.0	2025-07-30	d1f01acb10bb3de97917f294d4a52b6b	0	300	5	20
Zheng_blood	cluster_4	cassia	CD4+ T cell, with a memory/activated phenotype	cd4positiveitivetcellwithamemoryactivatedphenotype	NA	NA	AQP3|IL32|ANXA2|SIT1|CORO1B|TRADD|GSTK1|CD2|S100A10|SPOCK2|PLP2|COTL1|VIM|CD99|S1PR4|S100A4|LGALS1|ANXA1|S100A11|ARHGDIA	blood	human	healthy_immune	CL:0000810|CL:0000624|CL:0000803|CL:0000897|CL:0000492	CD4-positive, alpha-beta thymocyte|CD4-positive, alpha-beta T cell|CD4-negative CD8-negative gamma-delta intraepithelial T cell|CD4-positive, alpha-beta memory T cell|CD4-positive helper T cell	0.9|0.894|0.894|0.891|0.89	NA	NA	NA	review	verifier_review	NA	NA	evidence_llm_abstain	exact	medium	A/B consistent; spec=exact | verifier: Label includes 'memory/activated phenotype' but markers do not confirm memory/activated state; candidate 4 is over-specified relative to available evidence.	CL:0000897	CD4-positive, alpha-beta memory T cell	FALSE	TRUE	FALSE	candidate_set	mapped	4	CL:0000897	exact	medium	mapped	2	CL:0000897	exact	medium	TRUE	TRUE	TRUE	review	Label includes 'memory/activated phenotype' but markers do not confirm memory/activated state; candidate 4 is over-specified relative to available evidence.	select_broader	d14a475679b1969b0460f890261dc3668e92290ddae76a1db88f2004aa249243	03b0a16e9e2c48d412f88919a7e1952d9e20b5a0e05550ab5d47c8bb7cd5a1a5	169d8f93bfea159babef0c07788cb478c6ea03c4a755fee69fb24482899cab26	03b_cassia/CASSIA_blood_human_20260803_170442/01_annotation_results/annotation_cassia_FINAL_RESULTS.csv	20260803_170008	deepseek-v4-flash	v1.0.0	v1.0.0	2025-07-30	d1f01acb10bb3de97917f294d4a52b6b	0	300	5	20
Zheng_blood	cluster_5	cassia	CD8+ T lymphocyte / cytotoxic T cell	cd8positiveitivetlymphocytecytotoxictcell	NA	95	GZMK|CCL5|GZMH|LYAR|CD8A|GZMA|CST7|NCR3|NKG7|DUSP2|CTSW|C12orf75|PPP2R5C|ID2|DUSP1|HOPX|GNLY|HCST|CD3G|ARL4C	blood	human	healthy_immune	CL:0000794|CL:0001041|CL:0000795|CL:0009068|CL:0000917	CD8-positive, alpha-beta cytotoxic T cell|CD8-positive, CXCR3-positive, alpha-beta regulatory T cell|CD8-positive, alpha-beta regulatory T cell|CD8aa(I) thymocyte|Tc1 cell	0.895|0.887|0.879|0.874|0.869	NA	NA	NA	mapped_evidence	accept_after_verifier	CL:0000794	CD8-positive, alpha-beta cytotoxic T cell	evidence_llm	exact	high	A/B consistent; spec=exact	CL:0000794	CD8-positive, alpha-beta cytotoxic T cell	TRUE	TRUE	TRUE	single_cl_id	mapped	1	CL:0000794	exact	high	mapped	5	CL:0000794	exact	high	TRUE	TRUE	TRUE	accept	NA	accept	ffd339c6e9bf431de540f8eb6abcd11487106c4a8c26814e66d13cc2cb14c831	a7dbc4c9d0f729025b6f3771510d3995aedaf0ca08d6d6265a0def75b4fbc6d9	7b6bf56b982fe8f7f3dd56e51512fe0beb6d886cad7d7cf7c1d60e0849ad6ad0	03b_cassia/CASSIA_blood_human_20260803_170442/01_annotation_results/annotation_cassia_FINAL_RESULTS.csv	20260803_170008	deepseek-v4-flash	v1.0.0	v1.0.0	2025-07-30	d1f01acb10bb3de97917f294d4a52b6b	0	300	5	20
Zheng_blood	cluster_6	cassia	T lymphocyte (T cell)	tlymphocytetcell	NA	88	IL7R|TRADD|CORO1B|CRIP1|S100A11|IL32|S100A4|TIMP1|S100A10|AQP3|ANXA1|DDIT4|DUSP2|LTB|CD52|GSTK1|LGALS1|IFITM1|CD3D|PLP2	blood	human	healthy_immune	CL:0000084|CL:0000542|CL:0000958|CL:0000959|CL:0000960	T cell|lymphocyte|T1 B cell|T2 B cell|T3 B cell	0.938|0.875|0.86|0.86|0.86	NA	NA	NA	mapped_evidence	accept_after_verifier	CL:0000084	T cell	evidence_llm	exact	high	A/B consistent; spec=exact	CL:0000084	T cell	TRUE	TRUE	TRUE	single_cl_id	mapped	1	CL:0000084	exact	high	mapped	5	CL:0000084	exact	high	TRUE	TRUE	TRUE	accept	NA	accept	ce0c81a2c4fa0fbfa83b9033fd0e4de0322d0d7cadb832c03ee045c637bb3cf0	37b999f7ba7376fce1cc9cce3a67fe027b62f4df719ee1ef3ec06f5d23b9bde1	0cc9b366f2ca399a38488d57f24f07d848924c07ae6362641a7c27b6db963244	03b_cassia/CASSIA_blood_human_20260803_170442/01_annotation_results/annotation_cassia_FINAL_RESULTS.csv	20260803_170008	deepseek-v4-flash	v1.0.0	v1.0.0	2025-07-30	d1f01acb10bb3de97917f294d4a52b6b	0	300	5	20
Zheng_blood	cluster_7	cassia	Hematopoietic stem/progenitor cell (HSPC)	hematopoieticstemprogenitorcellhspc	NA	95	RP11-354E11.2|CD34|GATA2|CRHBP|EGFL7|HOXA9|CYTL1|PRSS57|FCER1A|SPINK2|SOX4|MDK|TSC22D1|IL18|RAB13|RP11-620J15.3|NFE2|LAPTM4B|IL1B|ANKRD28	blood	human	healthy_immune	CL:0000037|CL:0000837|CL:0000988|CL:0008001|CL:0002032	hematopoietic stem cell|hematopoietic multipotent progenitor cell|hematopoietic cell|hematopoietic precursor cell|hematopoietic oligopotent progenitor cell	0.91|0.895|0.885|0.884|0.883	NA	NA	NA	review	verifier_mixed_missing_components	NA	NA	evidence_llm_abstain	exact	high	A/B consistent; spec=exact | verifier: Label 'Hematopoietic stem/progenitor cell' explicitly denotes both stem and progenitor cells, which are distinct cell types. Mapping to a single CL term collapses this composite identity.	CL:0000037	hematopoietic stem cell	FALSE	TRUE	FALSE	candidate_set	mapped	1	CL:0000037	exact	high	mapped	5	CL:0000037	exact	high	TRUE	TRUE	TRUE	composite_multi_identity	Label 'Hematopoietic stem/progenitor cell' explicitly denotes both stem and progenitor cells, which are distinct cell types. Mapping to a single CL term collapses this composite identity.	mark_composite	7fe67a5f0b9bb9744f765cb29f07fede98e72e6ee6f1ffda943c95af76a40f12	a508f08cef8de885ddab0540c705d3af9309a5d9b97c310165fe6e7f868277da	fbff4c7cdd3007bc4ca4bd2c926e3eae864106a5e921bafa62c8366ccf30b3cc	03b_cassia/CASSIA_blood_human_20260803_170442/01_annotation_results/annotation_cassia_FINAL_RESULTS.csv	20260803_170008	deepseek-v4-flash	v1.0.0	v1.0.0	2025-07-30	d1f01acb10bb3de97917f294d4a52b6b	0	300	5	20
Zheng_blood	cluster_8	cassia	T lymphocyte / T cell	tlymphocytetcell	NA	88	LEF1|CCR7|MAL|PIK3IP1|SELL|CD27|GIMAP7|CD3E|NOSIP|LAT|RGS10|LDHB|LCK|BTG1|JUNB|CD7|CD3D|LTB	blood	human	healthy_immune	CL:0000084|CL:0000542|CL:0000958|CL:0000959|CL:0000960	T cell|lymphocyte|T1 B cell|T2 B cell|T3 B cell	0.938|0.875|0.86|0.86|0.86	NA	NA	NA	mapped_evidence	accept_after_verifier	CL:0000084	T cell	evidence_llm	exact	high	A/B consistent; spec=exact	CL:0000084	T cell	TRUE	TRUE	TRUE	single_cl_id	mapped	1	CL:0000084	exact	high	mapped	5	CL:0000084	exact	high	TRUE	TRUE	TRUE	accept	NA	accept	4f3027a25d946f9efdad7840683119a53b4b71eeabde00011dd1ecb64a5c22b8	a5717c7b5045cf70ab51401cfe67a999309e7dcf10b1cf2eec9376a9ed7522cc	2aa4f538a08de42ebed2aca231f53f57c4a39b4961c7b4b36401108fe6906a58	03b_cassia/CASSIA_blood_human_20260803_170442/01_annotation_results/annotation_cassia_FINAL_RESULTS.csv	20260803_170008	deepseek-v4-flash	v1.0.0	v1.0.0	2025-07-30	d1f01acb10bb3de97917f294d4a52b6b	0	300	5	20
Zheng_blood	cluster_9	cassia	CD8+ T cell	cd8positiveitivetcell	NA	95	RP11-291B21.2|CD8B|S100B|CD8A|RGS10|CCR7|NUCB2|HSPB1|LEF1|NOSIP|CD3D|LEPROTL1|NDFIP1|CD27|FLT3LG|CD3E|CD7|GZMM|PIK3IP1|GYPC	blood	human	healthy_immune	CL:0001041|CL:0000795|CL:0001062|CL:0001201|CL:0000820	CD8-positive, CXCR3-positive, alpha-beta regulatory T cell|CD8-positive, alpha-beta regulatory T cell|effector memory CD8-positive, alpha-beta T cell, terminally differentiated|B cell, CD19-positive|B-1a B cell	0.952|0.951|0.943|0.938|0.938	NA	NA	NA	review	ab_mismatch	NA	NA	evidence_llm_abstain	broadened	NA	A=CL:0000795 B=CL:0001062 | sibling_or_cross_lineage	CL:0000795	CD8-positive, alpha-beta regulatory T cell	FALSE	TRUE	FALSE	candidate_set	mapped	2	CL:0000795	broadened	high	mapped	3	CL:0001062	broadened	high	FALSE	TRUE	FALSE	NA	NA	NA	4b8a9a894c583db4aa35de9d242031a891d762da432a1cd8bc16a1b850f718ea	8c57c52cf8e65b80c950118d2bb8c0bff2999500a9352836f1662380ac17c2d2	NA	03b_cassia/CASSIA_blood_human_20260803_170442/01_annotation_results/annotation_cassia_FINAL_RESULTS.csv	20260803_170008	deepseek-v4-flash	v1.0.0	v1.0.0	2025-07-30	d1f01acb10bb3de97917f294d4a52b6b	0	300	5	20
Zheng_blood	cluster_1	in_house	B cell	bcell	CL:0000236	0	NA	blood	human	healthy_immune	CL:0000236	B cell	NA	NA	NA	NA	mapped	deterministic	CL:0000236	B cell	provided_valid_clid	exact	NA	deterministic	CL:0000236	B cell	TRUE	TRUE	TRUE	single_cl_id	NA	NA	NA	NA	NA	NA	NA	NA	NA	NA	NA	NA	FALSE	NA	NA	NA	NA	NA	NA	07_our_summary/summary.csv	20260803_170008	deepseek-v4-flash	v1.0.0	v1.0.0	2025-07-30	d1f01acb10bb3de97917f294d4a52b6b	0	300	5	20
Zheng_blood	cluster_2	in_house	monocyte	monocyte	CL:0000576	0	NA	blood	human	healthy_immune	CL:0000576	monocyte	NA	NA	NA	NA	mapped	deterministic	CL:0000576	monocyte	provided_valid_clid	exact	NA	deterministic	CL:0000576	monocyte	TRUE	TRUE	TRUE	single_cl_id	NA	NA	NA	NA	NA	NA	NA	NA	NA	NA	NA	NA	FALSE	NA	NA	NA	NA	NA	NA	07_our_summary/summary.csv	20260803_170008	deepseek-v4-flash	v1.0.0	v1.0.0	2025-07-30	d1f01acb10bb3de97917f294d4a52b6b	0	300	5	20
Zheng_blood	cluster_3	in_house	natural killer cell	naturalkillercell	CL:0000623	8	NA	blood	human	healthy_immune	CL:0000623	natural killer cell	NA	NA	NA	NA	mapped	deterministic	CL:0000623	natural killer cell	provided_valid_clid	exact	NA	deterministic	CL:0000623	natural killer cell	TRUE	TRUE	TRUE	single_cl_id	NA	NA	NA	NA	NA	NA	NA	NA	NA	NA	NA	NA	FALSE	NA	NA	NA	NA	NA	NA	07_our_summary/summary.csv	20260803_170008	deepseek-v4-flash	v1.0.0	v1.0.0	2025-07-30	d1f01acb10bb3de97917f294d4a52b6b	0	300	5	20
Zheng_blood	cluster_4	in_house	T cell	tcell	CL:0000084	0	NA	blood	human	healthy_immune	CL:0000084	T cell	NA	NA	NA	NA	mapped	deterministic	CL:0000084	T cell	provided_valid_clid	exact	NA	deterministic	CL:0000084	T cell	TRUE	TRUE	TRUE	single_cl_id	NA	NA	NA	NA	NA	NA	NA	NA	NA	NA	NA	NA	FALSE	NA	NA	NA	NA	NA	NA	07_our_summary/summary.csv	20260803_170008	deepseek-v4-flash	v1.0.0	v1.0.0	2025-07-30	d1f01acb10bb3de97917f294d4a52b6b	0	300	5	20
Zheng_blood	cluster_5	in_house	T cell	tcell	CL:0000084	0	NA	blood	human	healthy_immune	CL:0000084	T cell	NA	NA	NA	NA	mapped	deterministic	CL:0000084	T cell	provided_valid_clid	exact	NA	deterministic	CL:0000084	T cell	TRUE	TRUE	TRUE	single_cl_id	NA	NA	NA	NA	NA	NA	NA	NA	NA	NA	NA	NA	FALSE	NA	NA	NA	NA	NA	NA	07_our_summary/summary.csv	20260803_170008	deepseek-v4-flash	v1.0.0	v1.0.0	2025-07-30	d1f01acb10bb3de97917f294d4a52b6b	0	300	5	20
Zheng_blood	cluster_6	in_house	T cell	tcell	CL:0000084	0	NA	blood	human	healthy_immune	CL:0000084	T cell	NA	NA	NA	NA	mapped	deterministic	CL:0000084	T cell	provided_valid_clid	exact	NA	deterministic	CL:0000084	T cell	TRUE	TRUE	TRUE	single_cl_id	NA	NA	NA	NA	NA	NA	NA	NA	NA	NA	NA	NA	FALSE	NA	NA	NA	NA	NA	NA	07_our_summary/summary.csv	20260803_170008	deepseek-v4-flash	v1.0.0	v1.0.0	2025-07-30	d1f01acb10bb3de97917f294d4a52b6b	0	300	5	20
Zheng_blood	cluster_7	in_house	hematopoietic precursor cell	hematopoieticprecursorcell	CL:0008001	8	NA	blood	human	healthy_immune	CL:0008001	hematopoietic precursor cell	NA	NA	NA	NA	mapped	deterministic	CL:0008001	hematopoietic precursor cell	provided_valid_clid	exact	NA	deterministic	CL:0008001	hematopoietic precursor cell	TRUE	TRUE	TRUE	single_cl_id	NA	NA	NA	NA	NA	NA	NA	NA	NA	NA	NA	NA	FALSE	NA	NA	NA	NA	NA	NA	07_our_summary/summary.csv	20260803_170008	deepseek-v4-flash	v1.0.0	v1.0.0	2025-07-30	d1f01acb10bb3de97917f294d4a52b6b	0	300	5	20
Zheng_blood	cluster_8	in_house	T cell	tcell	CL:0000084	0	NA	blood	human	healthy_immune	CL:0000084	T cell	NA	NA	NA	NA	mapped	deterministic	CL:0000084	T cell	provided_valid_clid	exact	NA	deterministic	CL:0000084	T cell	TRUE	TRUE	TRUE	single_cl_id	NA	NA	NA	NA	NA	NA	NA	NA	NA	NA	NA	NA	FALSE	NA	NA	NA	NA	NA	NA	07_our_summary/summary.csv	20260803_170008	deepseek-v4-flash	v1.0.0	v1.0.0	2025-07-30	d1f01acb10bb3de97917f294d4a52b6b	0	300	5	20
Zheng_blood	cluster_9	in_house	T cell	tcell	CL:0000084	0	NA	blood	human	healthy_immune	CL:0000084	T cell	NA	NA	NA	NA	mapped	deterministic	CL:0000084	T cell	provided_valid_clid	exact	NA	deterministic	CL:0000084	T cell	TRUE	TRUE	TRUE	single_cl_id	NA	NA	NA	NA	NA	NA	NA	NA	NA	NA	NA	NA	FALSE	NA	NA	NA	NA	NA	NA	07_our_summary/summary.csv	20260803_170008	deepseek-v4-flash	v1.0.0	v1.0.0	2025-07-30	d1f01acb10bb3de97917f294d4a52b6b	0	300	5	20
Zheng_blood	cluster_1	enrichment	Mature naïve B cell	maturenavebcell	NA	NA	FCER2|TCL1A|MS4A1|VPREB3|BANK1|IGLL5|CD79A|BLK|CD79B|P2RX5|IRF8|HLA-DQA2|EAF2|HLA-DRA|HLA-DQA1|HVCN1|CD74|HLA-DPA1|PDLIM1|HLA-DMB	blood	human	healthy_immune	CL:0000785|CL:0000824|CL:0000814|CL:0002419|CL:0000791	mature B cell|mature natural killer cell|mature NK T cell|mature T cell|mature alpha-beta T cell	0.919|0.912|0.898|0.895|0.873	NA	NA	NA	parent_only	verifier_accept_parent	CL:0000785	mature B cell	evidence_llm	exact	high	A/B consistent; spec=exact | verifier: The label specifies 'naive' B cell, but the proposed mapping is to mature B cell, which is a broader term. The markers support B cell identity but do not distinguish naive from other mature B cell states.	CL:0000785	mature B cell	TRUE	TRUE	TRUE	single_cl_id	mapped	1	CL:0000785	exact	high	mapped	5	CL:0000785	exact	high	TRUE	TRUE	TRUE	accept_parent	The label specifies 'naive' B cell, but the proposed mapping is to mature B cell, which is a broader term. The markers support B cell identity but do not distinguish naive from other mature B cell states.	select_broader	a6ffc93dc0203e53c92e5e0cf213910ebb8acd46cddcc0339e504385e8eadbca	caa55794dc3ec79d513c932e9bea28397a8057f31f333e03d64a3c2366d0911c	f0d3337d92be3ab6d233f27944df08ffbb70f7062da8a83ea70edfd213656811	07b_inter_summary/summary.csv	20260803_170008	deepseek-v4-flash	v1.0.0	v1.0.0	2025-07-30	d1f01acb10bb3de97917f294d4a52b6b	0	300	5	20
Zheng_blood	cluster_2	enrichment	classical monocyte	classicalmonocyte	CL:0000860	NA	NA	blood	human	healthy_immune	CL:0000860	classical monocyte	NA	NA	NA	NA	mapped	deterministic	CL:0000860	classical monocyte	provided_valid_clid	exact	NA	deterministic	CL:0000860	classical monocyte	TRUE	TRUE	TRUE	single_cl_id	NA	NA	NA	NA	NA	NA	NA	NA	NA	NA	NA	NA	FALSE	NA	NA	NA	NA	NA	NA	07b_inter_summary/summary.csv	20260803_170008	deepseek-v4-flash	v1.0.0	v1.0.0	2025-07-30	d1f01acb10bb3de97917f294d4a52b6b	0	300	5	20
Zheng_blood	cluster_3	enrichment	natural killer cell	naturalkillercell	CL:0000623	NA	NA	blood	human	healthy_immune	CL:0000623	natural killer cell	NA	NA	NA	NA	mapped	deterministic	CL:0000623	natural killer cell	provided_valid_clid	exact	NA	deterministic	CL:0000623	natural killer cell	TRUE	TRUE	TRUE	single_cl_id	NA	NA	NA	NA	NA	NA	NA	NA	NA	NA	NA	NA	FALSE	NA	NA	NA	NA	NA	NA	07b_inter_summary/summary.csv	20260803_170008	deepseek-v4-flash	v1.0.0	v1.0.0	2025-07-30	d1f01acb10bb3de97917f294d4a52b6b	0	300	5	20
Zheng_blood	cluster_4	enrichment	stem cell memory CD4-positive, alpha-beta T cell	stemcellmemorycd4positiveitivepositivealphabetatcell	CL:0020033	NA	AQP3|IL32|ANXA2|SIT1|CORO1B|TRADD|GSTK1|CD2|S100A10|SPOCK2|PLP2|COTL1|VIM|CD99|S1PR4|S100A4|LGALS1|ANXA1|S100A11|ARHGDIA	blood	human	healthy_immune	CL:0000905|CL:0000913|CL:0000904|CL:0000907|CL:0000034	effector memory CD4-positive, alpha-beta T cell|effector memory CD8-positive, alpha-beta T cell|central memory CD4-positive, alpha-beta T cell|central memory CD8-positive, alpha-beta T cell|stem cell	0.917|0.904|0.885|0.865|0.831	NA	NA	NA	review	verifier_review	NA	NA	evidence_llm_abstain	exact	medium	A/B consistent; spec=exact | verifier: Stem cell memory T cells are a distinct subset from central memory T cells; the label specifies stem cell memory, not central memory. The proposed mapping to central memory CD4-positive alpha-beta T cell is over-specified and does not match the stem cell memory identity.	CL:0000904	central memory CD4-positive, alpha-beta T cell	FALSE	TRUE	FALSE	candidate_set	mapped	3	CL:0000904	exact	medium	mapped	3	CL:0000904	exact	high	TRUE	TRUE	TRUE	review	Stem cell memory T cells are a distinct subset from central memory T cells; the label specifies stem cell memory, not central memory. The proposed mapping to central memory CD4-positive alpha-beta T cell is over-specified and does not match the stem cell memory identity.	user_review	f4a6139fda0c7d65567740070aa3be446e4710d98cc78f842ba18f50312f3026	01f3567045a283257f8efb3ce556a52c0518c682f2e9a83f27cab99aa109346e	e2fd4cc940d7fff9836f6e70dd51cd822963517045df423f5dcff57da592d01e	07b_inter_summary/summary.csv	20260803_170008	deepseek-v4-flash	v1.0.0	v1.0.0	2025-07-30	d1f01acb10bb3de97917f294d4a52b6b	0	300	5	20
Zheng_blood	cluster_5	enrichment	cytotoxic T cell	cytotoxictcell	CL:0000910	NA	NA	blood	human	healthy_immune	CL:0000910	cytotoxic T cell	NA	NA	NA	NA	mapped	deterministic	CL:0000910	cytotoxic T cell	provided_valid_clid	exact	NA	deterministic	CL:0000910	cytotoxic T cell	TRUE	TRUE	TRUE	single_cl_id	NA	NA	NA	NA	NA	NA	NA	NA	NA	NA	NA	NA	FALSE	NA	NA	NA	NA	NA	NA	07b_inter_summary/summary.csv	20260803_170008	deepseek-v4-flash	v1.0.0	v1.0.0	2025-07-30	d1f01acb10bb3de97917f294d4a52b6b	0	300	5	20
Zheng_blood	cluster_6	enrichment	Naive/Quiescent T cell (CD4+ T cell)	naivequiescenttcellcd4positiveitivetcell	NA	NA	IL7R|TRADD|CORO1B|CRIP1|S100A11|IL32|S100A4|TIMP1|S100A10|AQP3|ANXA1|DDIT4|DUSP2|LTB|CD52|GSTK1|LGALS1|IFITM1|CD3D|PLP2	blood	human	healthy_immune	CL:0000898|CL:0000895|CL:0000900|CL:0001045|CL:0000788	naive T cell|naive thymus-derived CD4-positive, alpha-beta T cell|naive thymus-derived CD8-positive, alpha-beta T cell|naive CCR4-positive regulatory T cell|naive B cell	0.83|0.826|0.818|0.809|0.803	NA	NA	NA	mapped_evidence	accept_after_verifier	CL:0000895	naive thymus-derived CD4-positive, alpha-beta T cell	evidence_llm	exact	high	A/B consistent; spec=exact	CL:0000895	naive thymus-derived CD4-positive, alpha-beta T cell	TRUE	TRUE	TRUE	single_cl_id	mapped	2	CL:0000895	exact	high	mapped	4	CL:0000895	exact	high	TRUE	TRUE	TRUE	accept	NA	accept	4a7b01dd9de40122e73c3fb5881dc98b8c0b9be8751dce536055683a8bec3a45	1c960e667473d74d66cef375f6edc3c71b429d26f0823fcd7d34defae9346412	2a888ad6d0b68a29171cc432dbd70fb3175cd52ed5ff87d4df1794a8011d08e8	07b_inter_summary/summary.csv	20260803_170008	deepseek-v4-flash	v1.0.0	v1.0.0	2025-07-30	d1f01acb10bb3de97917f294d4a52b6b	0	300	5	20
Zheng_blood	cluster_7	enrichment	Hematopoietic Stem/Progenitor Cell (HSPC) / Early Myeloid Progenitor	hematopoieticstemprogenitorcellhspcearlymyeloidprogenitor	NA	NA	RP11-354E11.2|CD34|GATA2|CRHBP|EGFL7|HOXA9|CYTL1|PRSS57|FCER1A|SPINK2|SOX4|MDK|TSC22D1|IL18|RAB13|RP11-620J15.3|NFE2|LAPTM4B|IL1B|ANKRD28	blood	human	healthy_immune	CL:0002031|CL:0002032|CL:0000037|CL:0000837|CL:0001060	hematopoietic lineage restricted progenitor cell|hematopoietic oligopotent progenitor cell|hematopoietic stem cell|hematopoietic multipotent progenitor cell|hematopoietic oligopotent progenitor cell, lineage-negative	0.891|0.87|0.864|0.863|0.852	NA	NA	NA	review	status_mismatch_mapped_ambiguous	NA	NA	evidence_llm_abstain	exact	NA	status_mismatch_mapped_ambiguous	CL:0002031	hematopoietic lineage restricted progenitor cell	FALSE	TRUE	FALSE	candidate_set	mapped	1	CL:0002031	exact	high	ambiguous	NA	NA	exact	low	FALSE	TRUE	FALSE	NA	NA	NA	0774b86cde3b083d8bb40e8c41d3348153235faf593df653e0452747f9c2e8b8	ef63083f0d552968e167a9ec4bcb40a77a128f446600fe5d3da75278564903d0	NA	07b_inter_summary/summary.csv	20260803_170008	deepseek-v4-flash	v1.0.0	v1.0.0	2025-07-30	d1f01acb10bb3de97917f294d4a52b6b	0	300	5	20
Zheng_blood	cluster_8	enrichment	Naive/Mature CD4+ T cell (central memory-like)	naivematurecd4positiveitivetcellcentralmemorylike	NA	NA	LEF1|CCR7|MAL|PIK3IP1|SELL|CD27|GIMAP7|CD3E|NOSIP|LAT|RGS10|LDHB|LCK|BTG1|JUNB|CD7|CD3D|LTB	blood	human	healthy_immune	CL:0001045|CL:0000898|CL:0000895|CL:0000900|CL:0002677	naive CCR4-positive regulatory T cell|naive T cell|naive thymus-derived CD4-positive, alpha-beta T cell|naive thymus-derived CD8-positive, alpha-beta T cell|naive regulatory T cell	0.836|0.821|0.816|0.809|0.798	NA	NA	NA	parent_only	ab_parent_child	CL:0000898	naive T cell	evidence_llm	broadened	NA	A_ancestor_of_B	CL:0000898	naive T cell	TRUE	TRUE	TRUE	single_cl_id	mapped	2	CL:0000898	broadened	medium	mapped	3	CL:0000895	exact	high	FALSE	FALSE	FALSE	NA	NA	NA	771bd09454a1408d08064298397d70d3ac0cfbe2e00fe2c9078cdc1dfd10950f	a809763353ba40b8578a01a0d7b2b302e0c5223c5eecb97c43a5b979106153a1	NA	07b_inter_summary/summary.csv	20260803_170008	deepseek-v4-flash	v1.0.0	v1.0.0	2025-07-30	d1f01acb10bb3de97917f294d4a52b6b	0	300	5	20
Zheng_blood	cluster_9	enrichment	stem cell memory CD8-positive, alpha-beta T cell	stemcellmemorycd8positiveitivepositivealphabetatcell	CL:0020034	NA	RP11-291B21.2|CD8B|S100B|CD8A|RGS10|CCR7|NUCB2|HSPB1|LEF1|NOSIP|CD3D|LEPROTL1|NDFIP1|CD27|FLT3LG|CD3E|CD7|GZMM|PIK3IP1|GYPC	blood	human	healthy_immune	CL:0000913|CL:0000905|CL:0000907|CL:0000904|CL:0000034	effector memory CD8-positive, alpha-beta T cell|effector memory CD4-positive, alpha-beta T cell|central memory CD8-positive, alpha-beta T cell|central memory CD4-positive, alpha-beta T cell|stem cell	0.917|0.904|0.885|0.865|0.831	NA	NA	NA	review	verifier_review	NA	NA	evidence_llm_abstain	exact	high	A/B consistent; spec=exact | verifier: The raw label specifies 'stem cell memory CD8-positive, alpha-beta T cell', but the proposed mapping is to 'central memory CD8-positive, alpha-beta T cell'. Stem cell memory T cells are a distinct subset from central memory T cells, and the label does not support collapsing them. The markers (CCR7, LEF1, CD27) are shared between stem cell memory and central memory, so they do not discriminate. The correct mapping should be to a stem cell memory T cell term if available, otherwise to a broader memory T cell term.	CL:0000907	central memory CD8-positive, alpha-beta T cell	FALSE	TRUE	FALSE	candidate_set	mapped	3	CL:0000907	exact	high	mapped	3	CL:0000907	exact	high	TRUE	TRUE	TRUE	review	The raw label specifies 'stem cell memory CD8-positive, alpha-beta T cell', but the proposed mapping is to 'central memory CD8-positive, alpha-beta T cell'. Stem cell memory T cells are a distinct subset from central memory T cells, and the label does not support collapsing them. The markers (CCR7, LEF1, CD27) are shared between stem cell memory and central memory, so they do not discriminate. The correct mapping should be to a stem cell memory T cell term if available, otherwise to a broader memory T cell term.	user_review	d83512c2b4caa37da17d96039c7bfbd72be90273163cf71fb28fceeb1a46dc14	b45e6b58ee913b3e3f40d71e7de013737f3a5ed20778330e7ac2d0e06e0a7778	466baa8da258b02c207c42c4e0577a299452b7120af2dfd19e5ad741a72c9f94	07b_inter_summary/summary.csv	20260803_170008	deepseek-v4-flash	v1.0.0	v1.0.0	2025-07-30	d1f01acb10bb3de97917f294d4a52b6b	0	300	5	20
